user_id,username,datetime,message_id,message_type,role,content
733972417,GlibZiuzin,2025-04-08 10:49:55,94,voice,question,"–†–æ–∑–∫–∞–∂–∏ –º–µ–Ω—ñ –ø—Ä–æ –µ–≤–∞–∫—É–∞—Ü—ñ—é, –∞–ª–µ –Ω–∞–¥–∞–π –≤—ñ–¥–ø–æ–≤—ñ–¥—å —Å—Ç—Ä—É–∫—Ç—É—Ä–æ–≤–∞–Ω–æ –ø–æ –ø—É–Ω–∫—Ç–∞—Ö —ñ —Ä–æ–±–∏ –ø—Ä–æ–ø—É—Å–∫–∏ –º—ñ–∂ –∫–æ–∂–Ω–∏–º –ø—É–Ω–∫—Ç–æ–º."
733972417,GlibZiuzin,2025-04-08 10:50:01,94,voice,answer,"1. –ë–µ–∑–ø–µ–∫–∞ –ø—ñ–¥ —á–∞—Å –µ–≤–∞–∫—É–∞—Ü—ñ—ó –º–æ–∂—î –ø—ñ–¥–ª—è–≥–∞—î –Ω–æ—Ä–º–∞—Ç–∏–≤–∞–º, —è–∫—ñ –≤–∏–∑–Ω–∞—á–∞—é—Ç—å –∫—ñ–ª—å–∫—ñ—Å—Ç—å —Ç–∞ —Ä–æ–∑–º—ñ—Ä–∏ –µ–≤–∞–∫—É–∞—Ü—ñ–π–Ω–∏—Ö –≤–∏—Ö–æ–¥—ñ–≤, —É–º–æ–≤–∏ –æ—Å–≤—ñ—Ç–ª–µ–Ω–æ—Å—Ç—ñ —Ç–∞ –ø—Ä–æ—Ç–∏–¥–∏–º–ª–µ–Ω–æ—Å—Ç—ñ.
 
2. –£ —Ä–∞–∑—ñ –ø–æ—Ç—Ä–µ–±–∏ —É —Ä–æ–∑–º—ñ—â–µ–Ω–Ω—ñ —Ç–µ—Ö–Ω–æ–ª–æ–≥—ñ—á–Ω–æ–≥–æ –æ–±–ª–∞–¥–Ω–∞–Ω–Ω—è –≤ –ø—Ä–∏–º—ñ—â–µ–Ω–Ω—è—Ö, –ø–æ–≤–∏–Ω–Ω—ñ –±—É—Ç–∏ –∑–∞–±–µ–∑–ø–µ—á–µ–Ω—ñ –µ–≤–∞–∫—É–∞—Ü—ñ–π–Ω—ñ –ø—Ä–æ—Ö–æ–¥–∏.

3. –ü–ª–∞–Ω–∏ –µ–≤–∞–∫—É–∞—Ü—ñ—ó –ø–æ–≤–∏–Ω–Ω—ñ –±—É—Ç–∏ —Ä–æ–∑—Ä–æ–±–ª–µ–Ω—ñ —ñ –≤–∏–≤—ñ—à–µ–Ω—ñ –Ω–∞ –≤–∏–¥–Ω–∏—Ö –º—ñ—Å—Ü—è—Ö –¥–ª—è –∑–∞–±–µ–∑–ø–µ—á–µ–Ω–Ω—è –±–µ–∑–ø–µ–∫–∏ –≤—Å—ñ—Ö –ø—Ä–∏—Å—É—Ç–Ω—ñ—Ö —É –±—É–¥—ñ–≤–ª—ñ.

4. –ü—Ä–∞–∫—Ç–∏—á–Ω—ñ —Ç—Ä–µ–Ω—É–≤–∞–Ω–Ω—è –∑–¥—ñ–π—Å–Ω—é—é—Ç—å—Å—è –Ω–µ —Ä—ñ–¥—à–µ –æ–¥–Ω–æ–≥–æ —Ä–∞–∑—É –Ω–∞ –ø—ñ–≤—Ä–æ–∫—É, —â–æ–± –≥–æ—Ç—É–≤–∞—Ç–∏ –ø–µ—Ä—Å–æ–Ω–∞–ª –¥–æ —à–≤–∏–¥–∫–æ—ó —Ç–∞ –±–µ–∑–ø–µ—á–Ω–æ—ó –µ–≤–∞–∫—É–∞—Ü—ñ—ó.

5. –î–ª—è –±—É–¥—ñ–≤–µ–ª—å —ñ–∑ –º–∞—Å–æ–≤–∏–º –ø–µ—Ä–µ–±—É–≤–∞–Ω–Ω—è–º –ª—é–¥–µ–π, –æ–±–ª–∞–¥–Ω–∞–Ω–Ω—è–º —Ç–∞ –º–∞—Ç–µ—Ä—ñ–∞–ª—å–Ω–∏–º–∏ —Ü—ñ–Ω–Ω–æ—Å—Ç—è–º–∏, –ø–æ–≤–∏–Ω–Ω—ñ –±—É—Ç–∏ –≤–∏–∑–Ω–∞—á–µ–Ω—ñ —ñ–Ω—Å—Ç—Ä—É–∫—Ü—ñ—ó —Ç–∞ —É–∑–≥–æ–¥–∂–µ–Ω—ñ –∑–∞—Ö–æ–¥–∏ –¥–ª—è –±–µ–∑–ø–µ—á–Ω–æ—ó –µ–≤–∞–∫—É–∞—Ü—ñ—ó.

6. –£ —Ä–∞–∑—ñ —Ä–æ–∑–º—ñ—â–µ–Ω–Ω—è —Ç–µ—Ö–Ω–æ–ª–æ–≥—ñ—ó –≤–∏—Ä–æ–±–Ω–∏—Ü—Ç–≤–∞ —É –±—É–¥—ñ–≤–ª—ñ, –Ω–µ–æ–±—Ö—ñ–¥–Ω–æ –ø—Ä–∏–ø–∏–Ω–∏—Ç–∏ —Ä–æ–±–æ—Ç—É —Ç–∞ –≤–∏–∫–æ–Ω–∞—Ç–∏ —ñ–Ω—à—ñ –∑–∞—Ö–æ–¥–∏ –¥–ª—è –∑–∞–ø–æ–±—ñ–≥–∞–Ω–Ω—è —Ä–æ–∑–≤–∏—Ç–∫—É –ø–æ–∂–µ–∂—ñ —Ç–∞ –∑–∞–¥–∏–º–ª–µ–Ω–æ—Å—Ç—ñ.

7. –ü–æ–∂–µ–∂–Ω–∏–π –ø–µ—Ä—Å–æ–Ω–∞–ª –ø–æ–≤–∏–Ω–µ–Ω –º–∞—Ç–∏ –±–µ–∑–ø–µ—Ä–µ—à–∫–æ–¥–Ω–∏–π –¥–æ—Å—Ç—É–ø –¥–æ –±—É–¥—ñ–≤–ª—ñ –ø—ñ–¥ —á–∞—Å –ø–æ–∂–µ–∂—ñ –¥–ª—è –Ω–µ–≥–∞–π–Ω–æ–≥–æ —Ä—è—Ç—É–≤–∞–Ω–Ω—è –ª—é–¥–µ–π —Ç–∞ –º–∞—Ç–µ—Ä—ñ–∞–ª—å–Ω–∏—Ö —Ü—ñ–Ω–Ω–æ—Å—Ç–µ–π."
641269362,datsenkoigor,2025-04-08 10:55:47,96,text,question,–∫–∞–∫ –º–Ω–µ —Å—Ç–∞—Ç—å —Å–≤–∞—Ä—â–∏–∫–æ–º
641269362,datsenkoigor,2025-04-08 10:55:53,96,text,answer,"1. –î–ª—è —Ç–æ–≥–æ, —â–æ–± —Å—Ç–∞—Ç–∏ —Å–≤–∞—Ä—â–∏–∫–æ–º, –≤–∞–º –Ω–µ–æ–±—Ö—ñ–¥–Ω–æ –ø—Ä–æ–π—Ç–∏ —Å–ø–µ—Ü—ñ–∞–ª—å–Ω—É –ø—ñ–¥–≥–æ—Ç–æ–≤–∫—É —ñ –Ω–∞–≤—á–∞–Ω–Ω—è –∑—ñ –∑–≤–∞—Ä—é–≤–∞–Ω–Ω—è –º–µ—Ç–∞–ª—ñ–≤ —Ç–∞ –≤–æ–ª–æ–¥—ñ–Ω–Ω—è–º –Ω–µ–æ–±—Ö—ñ–¥–Ω–∏–º–∏ –Ω–∞–≤–∏—á–∫–∞–º–∏.
2. –ü—ñ–¥ —á–∞—Å –∑–≤–∞—Ä—é–≤–∞–Ω–Ω—è –Ω–µ–æ–±—Ö—ñ–¥–Ω–æ –¥–æ—Ç—Ä–∏–º—É–≤–∞—Ç–∏—Å—å –≤–∏–º–æ–≥ –ø—Ä–∞–≤–∏–ª –æ—Ö–æ—Ä–æ–Ω–∏ –ø—Ä–∞—Ü—ñ, –ø–æ–≤'—è–∑–∞–Ω–∏—Ö –∑—ñ –∑–≤–∞—Ä—é–≤–∞–Ω–Ω—è–º –º–µ—Ç–∞–ª—ñ–≤, —â–æ –∑–∞–±–µ–∑–ø–µ—á—É—é—Ç—å –±–µ–∑–ø–µ–∫—É –ø—ñ–¥ —á–∞—Å —Ä–æ–±–æ—Ç–∏.
3. –í–∞–∂–ª–∏–≤–æ –º–∞—Ç–∏ –Ω–µ–æ–±—Ö—ñ–¥–Ω—ñ –∑–∞—Å–æ–±–∏ –∑–∞—Ö–∏—Å—Ç—É —ñ –æ–¥—è–≥, —è–∫—ñ –≤–∏–∫–æ—Ä–∏—Å—Ç–æ–≤—É—é—Ç—å—Å—è –ø—ñ–¥ —á–∞—Å –∑–≤–∞—Ä—é–≤–∞–ª—å–Ω–∏—Ö —Ä–æ–±—ñ—Ç, –¥–ª—è –∑–∞–±–µ–∑–ø–µ—á–µ–Ω–Ω—è –±–µ–∑–ø–µ–∫–∏ –π —É–Ω–∏–∫–Ω–µ–Ω–Ω—è –º–æ–∂–ª–∏–≤–∏—Ö —Ç—Ä–∞–≤–º.
4. –†–µ–∫–æ–º–µ–Ω–¥—É—î–º–æ –≤–∞–º –æ—Ç—Ä–∏–º–∞—Ç–∏ –ø—Ä–æ—Ñ–µ—Å—ñ–π–Ω—É –æ—Å–≤—ñ—Ç—É –∞–±–æ –ø—Ä–æ–π—Ç–∏ –∫—É—Ä—Å–∏ –∑–≤–∞—Ä—é–≤–∞–Ω–Ω—è, –¥–µ –≤–∏ –∑–º–æ–∂–µ—Ç–µ –Ω–∞–±—É—Ç–∏ –ø—Ä–∞–∫—Ç–∏—á–Ω—ñ –Ω–∞–≤–∏—á–∫–∏ —Ç–∞ –∑–Ω–∞–Ω–Ω—è –≤ —Ü—ñ–π –≥–∞–ª—É–∑—ñ.
5. –ü–∞–º'—è—Ç–∞–π—Ç–µ –ø—Ä–æ –≤–∞–∂–ª–∏–≤—ñ—Å—Ç—å –¥–æ—Ç—Ä–∏–º–∞–Ω–Ω—è –≤–∏–º–æ–≥ —Å—Ç–æ—Å–æ–≤–Ω–æ –±–µ–∑–ø–µ–∫–∏ –ø—ñ–¥ —á–∞—Å –≤–∏–∫–æ–Ω–∞–Ω–Ω—è —Ä–æ–±—ñ—Ç –∑—ñ –∑–≤–∞—Ä—é–≤–∞–Ω–Ω—è–º –¥–ª—è –∑–∞–ø–æ–±—ñ–≥–∞–Ω–Ω—è –º–æ–∂–ª–∏–≤–∏—Ö —Ç—Ä–∞–≤–º —Ç–∞ –∞–≤–∞—Ä—ñ–π."
641269362,datsenkoigor,2025-04-08 13:22:09,98,voice,question,"–¢–∞–∫, –∞ –Ω—É-–∫–∞ –µ—â—ë —Ä–∞–∑ –º–Ω–µ —Ä–∞—Å—Å–∫–∞–∂–∏ –∏–º–µ–Ω–Ω–æ, –∫–∞–∫ –º–Ω–µ —Å—Ç–∞—Ç—å –æ—Ö–µ—Ä–µ–Ω–Ω—ã–º —Å–≤–∞—Ä–∏–≤–∞–ª—å–Ω–∏–∫–æ–º."
641269362,datsenkoigor,2025-04-08 13:22:22,98,voice,answer,"1. –î–ª—è —Ç–æ–≥–æ, —â–æ–± —Å—Ç–∞—Ç–∏ –æ—Ö–µ—Ä–µ–Ω–Ω–∏–º —Å–≤–∞—Ä—â–∏–∫–æ–º, –ø–æ—Ç—Ä—ñ–±–Ω–æ –¥–æ—Ç—Ä–∏–º—É–≤–∞—Ç–∏—Å—è –≤–∏–º–æ–≥ –ü—Ä–∞–≤–∏–ª –æ—Ö–æ—Ä–æ–Ω–∏ –ø—Ä–∞—Ü—ñ –ø—ñ–¥ —á–∞—Å –∑–≤–∞—Ä—é–≤–∞–Ω–Ω—è –º–µ—Ç–∞–ª—ñ–≤, –∑–∞—Ç–≤–µ—Ä–¥–∂–µ–Ω–∏—Ö –ú–ù–° –£–∫—Ä–∞—ó–Ω–∏.
2. –ù–µ–æ–±—Ö—ñ–¥–Ω–æ –ø—Ä–æ—Ö–æ–¥–∏—Ç–∏ –º–µ–¥–∏—á–Ω—ñ –æ–≥–ª—è–¥–∏ –ø–µ—Ä–µ–¥ –ø–æ—á–∞—Ç–∫–æ–º —Ä–æ–±–æ—Ç–∏, –∞ —Ç–∞–∫–æ–∂ –ø—ñ–¥ —á–∞—Å —Ç—Ä—É–¥–æ–≤–æ—ó –¥—ñ—è–ª—å–Ω–æ—Å—Ç—ñ.
3. –í–∞–∂–ª–∏–≤–æ –æ—Ç—Ä–∏–º—É–≤–∞—Ç–∏ –Ω–∞–≤—á–∞–Ω–Ω—è —ñ –ø—ñ–¥–≤–∏—â—É–≤–∞—Ç–∏ –∫–≤–∞–ª—ñ—Ñ—ñ–∫–∞—Ü—ñ—é –¥–ª—è –±–µ–∑–ø–µ—á–Ω–æ—ó —Ç–∞ –ø—Ä–æ—Ñ–µ—Å—ñ–π–Ω–æ—ó —Ä–æ–±–æ—Ç–∏.
4. –ü–∞–º'—è—Ç–∞–π—Ç–µ –ø—Ä–æ –Ω–µ–æ–±—Ö—ñ–¥–Ω—ñ—Å—Ç—å –≤–∏–∫–æ—Ä–∏—Å—Ç–∞–Ω–Ω—è –∑–∞—Å–æ–±—ñ–≤ –∑–∞—Ö–∏—Å—Ç—É: –∑–∞—Ö–∏—Å–Ω–∏—Ö —à–æ–ª–æ–º—ñ–≤, –æ–¥—è–≥—É, —Ä—É–∫–∞–≤–∏—Ü—å —Ç–∞ —ñ–Ω—à–∏—Ö –∑–∞—Å–æ–±—ñ–≤.
5. –ù–µ–æ–±—Ö—ñ–¥–Ω–æ –¥–æ—Ç—Ä–∏–º—É–≤–∞—Ç–∏—Å—è –ø—Ä–∞–≤–∏–ª –±–µ–∑–ø–µ–∫–∏ –ø—ñ–¥ —á–∞—Å –∑–≤–∞—Ä—é–≤–∞–Ω–Ω—è, —É–Ω–∏–∫–∞—Ç–∏ —Ä–æ–±–æ—Ç–∏ –Ω–∞ –º—ñ—Å—Ü—è—Ö –∑ –ø–æ–∂–µ–∂–æ–Ω–µ–±–µ–∑–ø–µ—á–Ω–∏–º–∏ –º–∞—Ç–µ—Ä—ñ–∞–ª–∞–º–∏ —Ç–∞ —É–º–æ–≤–∞–º–∏.
6. –ù–µ–æ–±—Ö—ñ–¥–Ω–æ –º–∞—Ç–∏ –≤—ñ–¥–ø–æ–≤—ñ–¥–Ω—ñ –Ω–∞–≤–∏—á–∫–∏ —ñ –≤–º—ñ–Ω–Ω—è —Ä–æ–±–æ—Ç–∏ –∑ —Ä—ñ–∑–Ω–∏–º–∏ –≤–∏–¥–∞–º–∏ –∑–≤–∞—Ä—é–≤–∞–ª—å–Ω–æ–≥–æ –æ–±–ª–∞–¥–Ω–∞–Ω–Ω—è.
7. –ó–∞–±–µ–∑–ø–µ—á—É–π—Ç–µ –±–µ–∑–ø–µ–∫—É —Å–≤–æ—ó—Ö —Ä–æ–±–æ—á–∏—Ö –º—ñ—Å—Ü—å, –¥–æ—Ç—Ä–∏–º—É—é—á–∏—Å—å –ø—Ä–∞–≤–∏–ª –∑–±–µ—Ä—ñ–≥–∞–Ω–Ω—è —Ç–∞ –≤–∏–∫–æ—Ä–∏—Å—Ç–∞–Ω–Ω—è –æ–±–ª–∞–¥–Ω–∞–Ω–Ω—è.
8. –ó–≤–µ—Ä—Ç–∞–π—Ç–µ —É–≤–∞–≥—É –Ω–∞ –¥–æ—Ç—Ä–∏–º–∞–Ω–Ω—è –Ω–æ—Ä–º —Ç–∞ –≤–∏–º–æ–≥ –∑ –æ—Ö–æ—Ä–æ–Ω–∏ –ø—Ä–∞—Ü—ñ –ø—ñ–¥ —á–∞—Å –≤–∏–∫–æ–Ω–∞–Ω–Ω—è –∑–≤–∞—Ä—é–≤–∞–ª—å–Ω–∏—Ö —Ä–æ–±—ñ—Ç.
9. –ó–∞–ø–∞–º'—è—Ç–æ–≤—É–π—Ç–µ, —â–æ –±–µ–∑–ø–µ–∫–∞ –Ω–∞ —Ä–æ–±–æ—Ç—ñ - —Ü–µ –≤–∞—à–µ –≥–æ–ª–æ–≤–Ω–µ –∑–∞–≤–¥–∞–Ω–Ω—è –¥–ª—è –¥–æ—Å—è–≥–Ω–µ–Ω–Ω—è –ø—Ä–æ—Ñ–µ—Å—ñ–π–Ω–∏—Ö —É—Å–ø—ñ—Ö—ñ–≤ –≤ –æ–±–ª–∞—Å—Ç—ñ –∑–≤–∞—Ä—é–≤–∞–Ω–Ω—è."
733972417,GlibZiuzin,2025-04-08 21:25:37,100,voice,question,–†–∞—Å—Å–∫–∞–∂–∏ –º–Ω–µ –ø—Ä–æ —ç–≤–∞–∫—É–∞—Ü–∏—é —Å–ø–∏—Å–∫–æ–º –∏ –¥–µ–ª–∞–π –ø—Ä–æ–ø—É—Å–∫–∏ –º–µ–∂–¥—É –ø—É–Ω–∫—Ç–∞–º–∏ –≤ —ç—Ç–æ–º —Å–ø–∏—Å–∫–µ.
733972417,GlibZiuzin,2025-04-08 21:25:44,100,voice,answer,"1. –ö—ñ–ª—å–∫—ñ—Å—Ç—å —Ç–∞ —Ä–æ–∑–º—ñ—Ä–∏ –µ–≤–∞–∫—É–∞—Ü—ñ–π–Ω–∏—Ö –≤–∏—Ö–æ–¥—ñ–≤ –ø–æ–≤–∏–Ω–Ω—ñ –≤—ñ–¥–ø–æ–≤—ñ–¥–∞—Ç–∏ –ø—Ä–æ—Ç–∏–ø–æ–∂–µ–∂–Ω–∏–º –≤–∏–º–æ–≥–∞–º –±—É–¥—ñ–≤–µ–ª—å–Ω–∏—Ö –Ω–æ—Ä–º.
2. –ï–≤–∞–∫—É–∞—Ü—ñ–π–Ω—ñ –≤–∏—Ö–æ–¥–∏ –∑ –±—É–¥—ñ–≤–µ–ª—å, —è–∫—ñ —î –ø–∞–º'—è—Ç–Ω–∏–∫–∞–º–∏ –∞—Ä—Ö—ñ—Ç–µ–∫—Ç—É—Ä–∏, –ø–æ–≤–∏–Ω–Ω—ñ –±—É—Ç–∏ —É–∑–≥–æ–¥–∂–µ–Ω—ñ –∑ –æ—Ä–≥–∞–Ω–∞–º–∏ –¥–µ—Ä–∂–ø–æ–∂–Ω–∞–≥–ª—è–¥—É.
3. –¢–µ—Ö–Ω–æ–ª–æ–≥—ñ—á–Ω–µ –æ–±–ª–∞–¥–Ω–∞–Ω–Ω—è –≤ –ø—Ä–∏–º—ñ—â–µ–Ω–Ω—è—Ö –ø–æ–≤–∏–Ω–Ω–æ –º–∞—Ç–∏ –¥–æ—Å—Ç—É–ø –¥–æ –µ–≤–∞–∫—É–∞—Ü—ñ–π–Ω–∏—Ö –ø—Ä–æ—Ö–æ–¥—ñ–≤.
4. –ü–ª–∞–Ω–∏ –µ–≤–∞–∫—É–∞—Ü—ñ—ó —Ç–∞ —Å—Ö–µ–º–∏ –ø–æ–≤–∏–Ω–Ω—ñ –±—É—Ç–∏ —Ä–æ–∑—Ä–æ–±–ª–µ–Ω—ñ —ñ –≤–∏–≤—ñ—à–µ–Ω—ñ –Ω–∞ –≤–∏–¥–Ω–∏—Ö –º—ñ—Å—Ü—è—Ö.
5. –ï–ª–µ–∫—Ç—Ä–∏—á–Ω—ñ –ª—ñ—Ö—Ç–∞—Ä—ñ –º–∞—é—Ç—å –±—É—Ç–∏ –¥–æ—Å—Ç—É–ø–Ω—ñ –¥–ª—è –ø–µ—Ä—Å–æ–Ω–∞–ª—É —É —Ä–∞–∑—ñ –≤—ñ–¥–∫–ª—é—á–µ–Ω–Ω—è –µ–ª–µ–∫—Ç—Ä–æ–µ–Ω–µ—Ä–≥—ñ—ó.
6. –î–≤–µ—Ä—ñ –Ω–∞ —à–ª—è—Ö–∞—Ö –µ–≤–∞–∫—É–∞—Ü—ñ—ó –ø–æ–≤–∏–Ω–Ω—ñ –≤—ñ–¥—á–∏–Ω—è—Ç–∏—Å—è –≤ –Ω–∞–ø—Ä—è–º–∫—É –≤–∏—Ö–æ–¥—É.
7. –ö–æ–≤–∞–ª—å—Å—å–∫—ñ, —Ç–µ—Ä–º—ñ—á–Ω—ñ —Ç–∞ —ñ–Ω—à—ñ —Ä–æ–±–æ—Ç–∏ –Ω–µ –¥–æ–ø—É—Å–∫–∞—é—Ç—å—Å—è –≤ –ø—Ä–∏–º—ñ—â–µ–Ω–Ω—è—Ö, –¥–µ –∑–±–µ—Ä—ñ–≥–∞—î—Ç—å—Å—è —Ç—Ä–∞–Ω—Å–ø–æ—Ä—Ç.
8. –°—Ö–æ–≤–∏—â–∞ –ø–∞–ª–∏–≤–∞ –ø–æ–≤–∏–Ω–Ω—ñ –±—É—Ç–∏ –∑–∞–∫—Ä–∏—Ç—ñ, –∞ –ø—Ä–∏–º—ñ—â–µ–Ω–Ω—è –∑ —Ç—Ä–∞–Ω—Å–ø–æ—Ä—Ç–æ–º - –Ω–µ –∑–∞—Ö–∞—Ä–∞—â–µ–Ω—ñ.
9. –ü–∞–º'—è—Ç–∫–∏ –ø—Ä–æ –ø—Ä–∞–≤–∏–ª–∞ –ø–æ–∂–µ–∂–Ω–æ—ó –±–µ–∑–ø–µ–∫–∏ –ø–æ–≤–∏–Ω–Ω—ñ –±—É—Ç–∏ —É–∫—Ä–∞—ó–Ω—Å—å–∫–æ—é —Ç–∞ —ñ–Ω—à–∏–º–∏ –º–æ–≤–∞–º–∏ –¥–ª—è —ñ–Ω–æ–∑–µ–º–Ω–∏—Ö –≥–æ—Å—Ç–µ–π."
641269362,datsenkoigor,2025-04-09 12:59:37,102,text,question,—è–∫ —Å–ø—Ä–∞–≤–∏? –ß–∏ –∑–∞–¥–∞–≤–∞–ª–∏ —Ç–æ–±—ñ —â–µ –ø–∏—Ç–∞–Ω–Ω—è —Ö—Ç–æ—Å—å –∫—Ä—ñ–º –º–µ–Ω–µ?
641269362,datsenkoigor,2025-04-09 12:59:40,102,text,answer,"1. –°–ø—Ä–∞–≤–∏ –¥–æ–±—Ä—ñ, –¥—è–∫—É—é –∑–∞ –∑–∞–ø–∏—Ç–∞–Ω–Ω—è.
2. –ù—ñ, –≤–∏ —î–¥–∏–Ω–∞ –æ—Å–æ–±–∞, —è–∫–∞ –∑–∞–¥–∞—î –º–µ–Ω—ñ –ø–∏—Ç–∞–Ω–Ω—è."
733972417,GlibZiuzin,2025-04-09 15:57:06,104,voice,question,–†–æ–∑–∫–∞–∂–∏ –º–µ–Ω—ñ –ø—Ä–æ —Å—Ç–∞–Ω–¥–∞—Ä—Ç–∏ –µ–≤–∞–∫—É–∞—Ü—ñ—ó
733972417,GlibZiuzin,2025-04-09 15:57:13,104,voice,answer,"–°—Ç–∞–Ω–¥–∞—Ä—Ç–∏ –µ–≤–∞–∫—É–∞—Ü—ñ—ó - —Ü–µ –Ω–∞–±—ñ—Ä –ø—Ä–∞–≤–∏–ª —ñ –≤–∏–º–æ–≥, —è–∫—ñ –¥–æ–∑–≤–æ–ª—è—é—Ç—å –∑–∞–±–µ–∑–ø–µ—á–∏—Ç–∏ –±–µ–∑–ø–µ–∫—É –ø—ñ–¥ —á–∞—Å –µ–≤–∞–∫—É–∞—Ü—ñ—ó –ª—é–¥–µ–π –∑ –±—É–¥—ñ–≤–µ–ª—å —Ç–∞ —Å–ø–æ—Ä—É–¥ —É —Ä–∞–∑—ñ –ø–æ–∂–µ–∂—ñ –∞–±–æ —ñ–Ω—à–æ—ó –Ω–µ–±–µ–∑–ø–µ–∫–∏. –¢–∞–∫—ñ —Å—Ç–∞–Ω–¥–∞—Ä—Ç–∏ –≤–∏–∑–Ω–∞—á–∞—é—Ç—å –∫—ñ–ª—å–∫—ñ—Å—Ç—å —Ç–∞ —Ä–æ–∑–º—ñ—Ä–∏ –µ–≤–∞–∫—É–∞—Ü—ñ–π–Ω–∏—Ö –≤–∏—Ö–æ–¥—ñ–≤, –ø–ª–∞–Ω—É–≤–∞–Ω–Ω—è —à–ª—è—Ö—ñ–≤ –µ–≤–∞–∫—É–∞—Ü—ñ—ó, —É–º–æ–≤–∏ –æ—Å–≤—ñ—Ç–ª–µ–Ω–æ—Å—Ç—ñ, –∑–∞–±–µ–∑–ø–µ—á–µ–Ω–Ω—è –±–µ–∑–¥–∏–º–Ω–æ—Å—Ç—ñ, –æ–±–º–µ–∂–µ–Ω–Ω—è –æ–±–ª–∞–¥–Ω–∞–Ω–Ω—è —Ç–∞ —ñ–Ω—à–µ.

–û—Å–Ω–æ–≤–Ω—ñ –≤–∏–º–æ–≥–∏ —Å—Ç–∞–Ω–¥–∞—Ä—Ç—ñ–≤ –µ–≤–∞–∫—É–∞—Ü—ñ—ó –ø–æ–ª—è–≥–∞—é—Ç—å —É —Ç–æ–º—É, —â–æ–± –∑–∞–±–µ–∑–ø–µ—á–∏—Ç–∏ —à–≤–∏–¥–∫—É —Ç–∞ –±–µ–∑–ø–µ—á–Ω—É –µ–≤–∞–∫—É–∞—Ü—ñ—é –ª—é–¥–µ–π –∑ –±—É–¥—ñ–≤–µ–ª—å —É –Ω–∞–π–±—ñ–ª—å—à –µ—Ñ–µ–∫—Ç–∏–≤–Ω–∏–π —Å–ø–æ—Å—ñ–±. –¶–µ –≤–∫–ª—é—á–∞—î –≤ —Å–µ–±–µ —Ä–æ–∑—Ä–æ–±–∫—É –ø–ª–∞–Ω—ñ–≤ –µ–≤–∞–∫—É–∞—Ü—ñ—ó, –ø–æ–∑–Ω–∞—á–µ–Ω–Ω—è –µ–≤–∞–∫—É–∞—Ü—ñ–π–Ω–∏—Ö —à–ª—è—Ö—ñ–≤, –Ω–∞–≤—á–∞–Ω–Ω—è –ø–µ—Ä—Å–æ–Ω–∞–ª—É —Ç–∞ –ø—Ä–∞—Ü—ñ–≤–Ω–∏–∫—ñ–≤ –ø—Ä–æ—Ü–µ–¥—É—Ä–∞–º –µ–≤–∞–∫—É–∞—Ü—ñ—ó, –ø—ñ–¥—Ç—Ä–∏–º–∫—É —Å–ø—Ä–∞–≤–Ω–∏—Ö —Å–∏—Å—Ç–µ–º –∞–≤–∞—Ä—ñ–π–Ω–æ–≥–æ –æ—Å–≤—ñ—Ç–ª–µ–Ω–Ω—è —Ç–∞ —ñ–Ω—à–µ.

–î–æ—Ç—Ä–∏–º–∞–Ω–Ω—è —Å—Ç–∞–Ω–¥–∞—Ä—Ç—ñ–≤ –µ–≤–∞–∫—É–∞—Ü—ñ—ó —î –¥—É–∂–µ –≤–∞–∂–ª–∏–≤–∏–º –¥–ª—è –∑–∞–±–µ–∑–ø–µ—á–µ–Ω–Ω—è –±–µ–∑–ø–µ–∫–∏ –≤—Å—ñ—Ö –ª—é–¥–µ–π, —è–∫—ñ –ø–µ—Ä–µ–±—É–≤–∞—é—Ç—å —É –±—É–¥—ñ–≤–ª—ñ –∞–±–æ —Å–ø–æ—Ä—É–¥—ñ. –¢–æ–º—É –≤–∞–∂–ª–∏–≤–æ –æ–∑–Ω–∞–π–æ–º–∏—Ç–∏—Å—è –∑ —Ü–∏–º–∏ —Å—Ç–∞–Ω–¥–∞—Ä—Ç–∞–º–∏ —ñ –¥–æ—Ç—Ä–∏–º—É–≤–∞—Ç–∏—Å—è —ó—Ö —É —Ä–∞–∑—ñ –≤–∏–Ω–∏–∫–Ω–µ–Ω–Ω—è –Ω–µ–±–µ–∑–ø–µ–∫–∏."
641269362,datsenkoigor,2025-04-09 19:33:48,3,text,question,—â–æ —Ç—Ä–µ–±–∞ –≤–∑—ñ—Ç–∏ –¥–ª—è –∑–≤–∞—Ä—é–≤–∞–Ω–Ω—è –∞–ª—é–º—ñ–Ω—ñ—é?
641269362,datsenkoigor,2025-04-09 19:33:52,3,text,answer,"–î–ª—è –∑–≤–∞—Ä—é–≤–∞–Ω–Ω—è –∞–ª—é–º—ñ–Ω—ñ—é —Ç—Ä–µ–±–∞ –º–∞—Ç–∏ —Å–ø–µ—Ü—ñ–∞–ª—å–Ω–∏–π –µ–ª–µ–∫—Ç—Ä–æ–¥ –∞–±–æ –¥—Ä—ñ—Ç –¥–ª—è –∑–≤–∞—Ä—é–≤–∞–Ω–Ω—è –∞–ª—é–º—ñ–Ω—ñ—é, –≥–∞–∑–æ–≤—É —Å—É–º—ñ—à (–Ω–∞–ø—Ä–∏–∫–ª–∞–¥, –∞—Ä–≥–æ–Ω), –∑–≤–∞—Ä—é–≤–∞–ª—å–Ω–∏–π –∞–ø–∞—Ä–∞—Ç, –∑–∞—Ö–∏—Å–Ω—ñ –æ–∫—É–ª—è—Ä–∏, —Ä—É–∫–∞–≤–∏—Ü—ñ —Ç–∞ —Ñ–∞—Ä—Ç—É—Ö –¥–ª—è –∑–∞—Ö–∏—Å—Ç—É –≤—ñ–¥ —Ä–æ–∑–ø–ª–∞–≤–ª–µ–Ω–æ–≥–æ –º–µ—Ç–∞–ª—É. –ü–∞–º'—è—Ç–∞–π—Ç–µ –ø—Ä–æ –ø—Ä–∞–≤–∏–ª–∞ –±–µ–∑–ø–µ–∫–∏ —Ç–∞ –ø—Ä–æ–≤–µ–¥–µ–Ω–Ω—è —Ä–æ–±—ñ—Ç —É –≤–µ–Ω—Ç–∏–ª—å–æ–≤–∞–Ω–æ–º—É –ø—Ä–∏–º—ñ—â–µ–Ω–Ω—ñ!"
733972417,GlibZiuzin,2025-04-10 13:13:40,6,voice,question,"‚Äì –ö–∞–∂–∏ –º–µ–Ω—ñ –ø—Ä–æ –µ–≤–∞–∫—É–∞—Ü—ñ—é –ª—é–¥–µ–π, —Å—Ç–∞–Ω–¥–∞—Ä—Ç–∏, –Ω–æ—Ä–º–∏."
733972417,GlibZiuzin,2025-04-10 13:13:49,6,voice,answer,"–ï–≤–∞–∫—É–∞—Ü—ñ—è –ª—é–¥–µ–π - —Ü–µ –ø—Ä–æ—Ü–µ—Å –±–µ–∑–ø–µ—á–Ω–æ–≥–æ –≤–∏–≤–µ–¥–µ–Ω–Ω—è –ª—é–¥–µ–π –∑ –±—É–¥—ñ–≤–µ–ª—å –∞–±–æ –ø—Ä–∏–º—ñ—â–µ–Ω—å —É –≤–∏–ø–∞–¥–∫—É –ø–æ–∂–µ–∂—ñ —á–∏ —ñ–Ω—à–æ—ó –Ω–µ–±–µ–∑–ø–µ–∫–∏. –¶–µ –¥—É–∂–µ –≤–∞–∂–ª–∏–≤–∏–π –∞—Å–ø–µ–∫—Ç –æ—Ö–æ—Ä–æ–Ω–∏ –ø—Ä–∞—Ü—ñ, –æ—Å–∫—ñ–ª—å–∫–∏ –≤—ñ–¥ –Ω—å–æ–≥–æ –∑–∞–ª–µ–∂–∏—Ç—å –∂–∏—Ç—Ç—è —Ç–∞ –∑–¥–æ—Ä–æ–≤'—è –ª—é–¥–µ–π. –û—Å—å –¥–µ—è–∫—ñ –∫–ª—é—á–æ–≤—ñ –∞—Å–ø–µ–∫—Ç–∏ —Å—Ç–∞–Ω–¥–∞—Ä—Ç—ñ–≤ —ñ –Ω–æ—Ä–º –µ–≤–∞–∫—É–∞—Ü—ñ—ó:

1. –ö—ñ–ª—å–∫—ñ—Å—Ç—å —Ç–∞ —Ä–æ–∑–º—ñ—Ä–∏ –µ–≤–∞–∫—É–∞—Ü—ñ–π–Ω–∏—Ö –≤–∏—Ö–æ–¥—ñ–≤ –ø–æ–≤–∏–Ω–Ω—ñ –≤—ñ–¥–ø–æ–≤—ñ–¥–∞—Ç–∏ –ø—Ä–æ—Ç–∏–ø–æ–∂–µ–∂–Ω–∏–º –≤–∏–º–æ–≥–∞–º –±—É–¥—ñ–≤–µ–ª—å–Ω–∏—Ö –Ω–æ—Ä–º.
2. –ï–≤–∞–∫—É–∞—Ü—ñ–π–Ω—ñ —à–ª—è—Ö–∏ –ø–æ–≤–∏–Ω–Ω—ñ –±—É—Ç–∏ –æ–±–ª–∞–¥–Ω–∞–Ω—ñ –≤—ñ–¥–ø–æ–≤—ñ–¥–Ω–∏–º –æ—Å–≤—ñ—Ç–ª–µ–Ω–Ω—è–º, –±–µ–∑–¥–∏–º–∫–æ–≤–µ —Ç–∞ –æ–±–ª–∏—Ü—é–≤–∞–Ω—ñ –≤—ñ–¥–ø–æ–≤—ñ–¥–Ω–æ.
3. –ü–ª–∞–Ω–∏ –µ–≤–∞–∫—É–∞—Ü—ñ—ó –ø–æ–≤–∏–Ω–Ω—ñ –±—É—Ç–∏ —Ä–æ–∑—Ä–æ–±–ª–µ–Ω—ñ –¥–ª—è –∫–æ–∂–Ω–æ–≥–æ –ø—Ä–∏–º—ñ—â–µ–Ω–Ω—è —Ç–∞ –ø–æ–≤–∏–Ω–Ω—ñ –±—É—Ç–∏ –≤–∏–≤—ñ—à–µ–Ω—ñ –Ω–∞ –≤–∏–¥–Ω–∏—Ö –º—ñ—Å—Ü—è—Ö.
4. –î–ª—è –æ–±'—î–∫—Ç—ñ–≤ –∑ –º–∞—Å–æ–≤–∏–º –ø–µ—Ä–µ–±—É–≤–∞–Ω–Ω—è–º –ª—é–¥–µ–π –Ω–µ–æ–±—Ö—ñ–¥–Ω–æ –ø—Ä–æ–≤–æ–¥–∏—Ç–∏ —Ç—Ä–µ–Ω—É–≤–∞–Ω–Ω—è —â–æ–¥–æ –µ–≤–∞–∫—É–∞—Ü—ñ—ó –Ω–µ —Ä—ñ–¥—à–µ –æ–¥–Ω–æ–≥–æ —Ä–∞–∑—É –Ω–∞ –ø—ñ–≤—Ä–æ–∫—É.
5. –ù–µ –¥–æ–ø—É—Å–∫–∞—î—Ç—å—Å—è –ø–µ—Ä–µ—à–∫–æ–¥–∂–µ–Ω–Ω—è —à–ª—è—Ö—ñ–≤ –µ–≤–∞–∫—É–∞—Ü—ñ—ó –º–µ–±–ª—è–º–∏, –æ–±–ª–∞–¥–Ω–∞–Ω–Ω—è–º —á–∏ —ñ–Ω—à–∏–º–∏ –ø—Ä–µ–¥–º–µ—Ç–∞–º–∏.
6. –í—Å—ñ –µ–≤–∞–∫—É–∞—Ü—ñ–π–Ω—ñ —à–ª—è—Ö–∏ –ø–æ–≤–∏–Ω–Ω—ñ –±—É—Ç–∏ –ª–µ–≥–∫–æ–¥–æ—Å—Ç—É–ø–Ω–∏–º–∏ —Ç–∞ –≤—ñ–¥–∫—Ä–∏–≤–∞—Ç–∏—Å—è —É –Ω–∞–ø—Ä—è–º–∫—É –≤–∏—Ö–æ–¥—É –∑ –±—É–¥—ñ–≤–ª—ñ.
7. –£ —Ä–∞–∑—ñ –µ–≤–∞–∫—É–∞—Ü—ñ—ó –ª—é–¥–µ–π —É–Ω–æ—á—ñ –≤–∞–∂–ª–∏–≤–æ –º–∞—Ç–∏ –æ—Å–æ–±–ª–∏–≤—ñ —ñ–Ω—Å—Ç—Ä—É–∫—Ü—ñ—ó —Ç–∞ –≤–∏–¥—ñ–ª–µ–Ω–µ –æ—Å–≤—ñ—Ç–ª–µ–Ω–Ω—è –¥–ª—è –±–µ–∑–ø–µ—á–Ω–æ—ó –ø—Ä–æ—Ü–µ–¥—É—Ä–∏.

–¶–µ –ª–∏—à–µ –∫—ñ–ª—å–∫–∞ –∫–ª—é—á–æ–≤–∏—Ö –ø—É–Ω–∫—Ç—ñ–≤, —è–∫—ñ —Å–ª—ñ–¥ –≤—Ä–∞—Ö–æ–≤—É–≤–∞—Ç–∏ –ø—Ä–∏ –ø–ª–∞–Ω—É–≤–∞–Ω–Ω—ñ —Ç–∞ –ø—Ä–æ–≤–µ–¥–µ–Ω–Ω—ñ –µ–≤–∞–∫—É–∞—Ü—ñ—ó –ª—é–¥–µ–π. –ù–µ –∑–∞–±—É–≤–∞–π—Ç–µ, —â–æ —ñ–Ω—Å—Ç—Ä—É–∫—Ü—ñ—ó —Ç–∞ —Ç—Ä–µ–Ω—É–≤–∞–Ω–Ω—è –∑ –µ–≤–∞–∫—É–∞—Ü—ñ—ó –º–æ–∂—É—Ç—å –≤—Ä—è—Ç—É–≤–∞—Ç–∏ –∂–∏—Ç—Ç—è —É —Ä–∞–∑—ñ –Ω–µ–±–µ–∑–ø–µ–∫–∏."
641269362,datsenkoigor,2025-04-10 14:39:21,8,text,question,"–ö–∞–∂–∏ –º–µ–Ω—ñ –ø—Ä–æ –µ–≤–∞–∫—É–∞—Ü—ñ—é –ª—é–¥–µ–π, —Å—Ç–∞–Ω–¥–∞—Ä—Ç–∏, –Ω–æ—Ä–º–∏"
641269362,datsenkoigor,2025-04-10 14:40:02,8,text,answer,"–©–æ–± –∑–∞–±–µ–∑–ø–µ—á–∏—Ç–∏ –µ—Ñ–µ–∫—Ç–∏–≤–Ω—É —Ç–∞ –±–µ–∑–ø–µ—á–Ω—É –µ–≤–∞–∫—É–∞—Ü—ñ—é –ª—é–¥–µ–π –∑ –±—É–¥—ñ–≤–µ–ª—å —ñ —Å–ø–æ—Ä—É–¥ —É —Ä–∞–∑—ñ –∞–≤–∞—Ä—ñ—ó —á–∏ –ø–æ–∂–µ–∂—ñ, —ñ—Å–Ω—É—é—Ç—å –ø–µ–≤–Ω—ñ —Å—Ç–∞–Ω–¥–∞—Ä—Ç–∏ —ñ –Ω–æ—Ä–º–∏, —è–∫—ñ —Å–ª—ñ–¥ –¥–æ—Ç—Ä–∏–º—É–≤–∞—Ç–∏. –û—Å—å –æ—Å–Ω–æ–≤–Ω—ñ –∑ –Ω–∏—Ö:

1. **–ü–ª–∞–Ω–∏ –µ–≤–∞–∫—É–∞—Ü—ñ—ó**:
   - **–†–æ–∑—Ä–æ–±–∫–∞ –ø–ª–∞–Ω—ñ–≤**: –ö–æ–∂–Ω–∞ –±—É–¥—ñ–≤–ª—è –ø–æ–≤–∏–Ω–Ω–∞ –º–∞—Ç–∏ –¥–µ—Ç–∞–ª—å–Ω–∏–π –ø–ª–∞–Ω –µ–≤–∞–∫—É–∞—Ü—ñ—ó, —â–æ –≤–∫–ª—é—á–∞—î –º–∞—Ä—à—Ä—É—Ç–∏ –≤–∏—Ö–æ–¥—É, —Ä–æ–∑–º—ñ—â–µ–Ω–Ω—è –ø–æ–∂–µ–∂–æ–≥–∞—Å—ñ–Ω–Ω—è, –º—ñ—Å—Ü—è –∑–±–æ—Ä—É.
   - **–†–æ–∑–º—ñ—â–µ–Ω–Ω—è —Å—Ö–µ–º**: –°—Ö–µ–º–∏ –µ–≤–∞–∫—É–∞—Ü—ñ—ó –º–∞—é—Ç—å –±—É—Ç–∏ –≤–∏–≤—ñ—à–µ–Ω—ñ –Ω–∞ –≤–∏–¥–Ω–∏—Ö –º—ñ—Å—Ü—è—Ö –Ω–∞ –∫–æ–∂–Ω–æ–º—É –ø–æ–≤–µ—Ä—Å—ñ.

2. **–®–ª—è—Ö–∏ –µ–≤–∞–∫—É–∞—Ü—ñ—ó**:
   - **–í—ñ–ª—å–Ω–∏–π –¥–æ—Å—Ç—É–ø**: –ö–æ—Ä–∏–¥–æ—Ä–∏, –≤–µ—Å—Ç–∏–±—é–ª—ñ, —Å—Ö–æ–¥–æ–≤—ñ –∫–ª—ñ—Ç–∫–∏ –º–∞—é—Ç—å –±—É—Ç–∏ –≤—ñ–ª—å–Ω–∏–º–∏ –≤—ñ–¥ –ø–µ—Ä–µ—à–∫–æ–¥ —Ç–∞ –∑–∞–≤–∂–¥–∏ –¥–æ—Å—Ç—É–ø–Ω–∏–º–∏.
   - **–û—Å–≤—ñ—Ç–ª–µ–Ω–Ω—è**: –®–ª—è—Ö–∏ –µ–≤–∞–∫—É–∞—Ü—ñ—ó –º–∞—é—Ç—å –±—É—Ç–∏ –∑–∞–±–µ–∑–ø–µ—á–µ–Ω—ñ –¥–æ—Å—Ç–∞—Ç–Ω—ñ–º –æ—Å–≤—ñ—Ç–ª–µ–Ω–Ω—è–º, —É —Ç–æ–º—É —á–∏—Å–ª—ñ –∞–≤–∞—Ä—ñ–π–Ω–∏–º –æ—Å–≤—ñ—Ç–ª–µ–Ω–Ω—è–º, —â–æ –≤–∫–ª—é—á–∞—î—Ç—å—Å—è –∞–≤—Ç–æ–º–∞—Ç–∏—á–Ω–æ –ø—Ä–∏ –≤—ñ–¥–∫–ª—é—á–µ–Ω–Ω—ñ –µ–ª–µ–∫—Ç—Ä–æ–µ–Ω–µ—Ä–≥—ñ—ó.

3. **–í–∏—Ö–æ–¥–∏ –µ–≤–∞–∫—É–∞—Ü—ñ—ó**:
   - **–ö—ñ–ª—å–∫—ñ—Å—Ç—å —Ç–∞ —Ä–æ–∑–º—ñ—Ä–∏**: –ö—ñ–ª—å–∫—ñ—Å—Ç—å —Ç–∞ —Ä–æ–∑–º—ñ—Ä–∏ –≤–∏—Ö–æ–¥—ñ–≤ –∑–∞–ª–µ–∂–∞—Ç—å –≤—ñ–¥ –ø–ª–æ—â—ñ –±—É–¥—ñ–≤–ª—ñ —ñ –∫—ñ–ª—å–∫–æ—Å—Ç—ñ –ª—é–¥–µ–π, —è–∫—ñ –≤ –Ω—ñ–π –ø–µ—Ä–µ–±—É–≤–∞—é—Ç—å.
   - **–õ–µ–≥–∫–∏–π –¥–æ—Å—Ç—É–ø**: –í–∏—Ö–æ–¥–∏ –º–∞—é—Ç—å –±—É—Ç–∏ –ª–µ–≥–∫–æ–¥–æ—Å—Ç—É–ø–Ω–∏–º–∏, –Ω–µ –∑–∞–∫—Ä–∏–≤–∞—Ç–∏—Å—è –Ω–∞ –∑–∞–º–æ–∫ —á–∏ —ñ–Ω—à—ñ –∑–∞–ø–æ—Ä–Ω—ñ –ø—Ä–∏—Å—Ç—Ä–æ—ó, —è–∫—ñ –≤–∞–∂–∫–æ –≤—ñ–¥–∫—Ä–∏—Ç–∏ –∑—Å–µ—Ä–µ–¥–∏–Ω–∏.

4. **–ú–∞—Ä–∫—É–≤–∞–Ω–Ω—è –≤–∏—Ö–æ–¥—ñ–≤**:
   - **–ó–Ω–∞–∫–∏ –±–µ–∑–ø–µ–∫–∏**: –í–∏—Ö–æ–¥–∏ —Ç–∞ —à–ª—è—Ö–∏ –µ–≤–∞–∫—É–∞—Ü—ñ—ó –º–∞—é—Ç—å –±—É—Ç–∏ –ø–æ–∑–Ω–∞—á–µ–Ω—ñ —á—ñ—Ç–∫–∏–º–∏ –∑–Ω–∞–∫–∞–º–∏ –±–µ–∑–ø–µ–∫–∏, —Ç–∞–∫–∏–º–∏ —è–∫ —Å–≤—ñ—Ç–ª–æ–≤—ñ –ø–æ–∫–∞–∂—á–∏–∫–∏ ¬´–í–∏—Ö—ñ–¥¬ª –∑–µ–ª–µ–Ω–æ–≥–æ –∫–æ–ª—å–æ—Ä—É –Ω–∞ –±—ñ–ª–æ–º—É —Ñ–æ–Ω—ñ.

5. **–¢—Ä–µ–Ω—É–≤–∞–Ω–Ω—è —ñ —ñ–Ω—Å—Ç—Ä—É–∫—Ç–∞–∂—ñ**:
   - **–†–µ–≥—É–ª—è—Ä–Ω—ñ –Ω–∞–≤—á–∞–Ω–Ω—è**: –ü–µ—Ä—Å–æ–Ω–∞–ª —Ç–∞ –≤—ñ–¥–≤—ñ–¥—É–≤–∞—á—ñ –ø–æ–≤–∏–Ω–Ω—ñ –ø—Ä–æ—Ö–æ–¥–∏—Ç–∏ —Ä–µ–≥—É–ª—è—Ä–Ω—ñ —ñ–Ω—Å—Ç—Ä—É–∫—Ç–∞–∂—ñ —ñ —Ç—Ä–µ–Ω—É–≤–∞–Ω–Ω—è –∑ –µ–≤–∞–∫—É–∞—Ü—ñ—ó, –∞–±–∏ –∑–Ω–∞—Ç–∏, —è–∫ –¥—ñ—è—Ç–∏ —É –≤–∏–ø–∞–¥–∫—É –Ω–∞–¥–∑–≤–∏—á–∞–π–Ω–æ—ó —Å–∏—Ç—É–∞—Ü—ñ—ó.

6. **–°–ø–µ—Ü—ñ–∞–ª—å–Ω—ñ –≤–∏–º–æ–≥–∏**:
   - **–î–ª—è –æ—Å—ñ–± –∑ –æ–±–º–µ–∂–µ–Ω–∏–º–∏ –º–æ–∂–ª–∏–≤–æ—Å—Ç—è–º–∏**: –ë—É–¥—ñ–≤–ª—ñ –º–∞—é—Ç—å –±—É—Ç–∏ –æ–±–ª–∞–¥–Ω–∞–Ω—ñ —Ç–∞–∫, —â–æ–± –æ—Å–æ–±–∏ –∑ –æ–±–º–µ–∂–µ–Ω–∏–º–∏ –º–æ–∂–ª–∏–≤–æ—Å—Ç—è–º–∏ –º–æ–≥–ª–∏ –±–µ–∑–ø–µ—á–Ω–æ —Ç–∞ —Å–∞–º–æ—Å—Ç—ñ–π–Ω–æ –µ–≤–∞–∫—É—é–≤–∞—Ç–∏—Å—è –∞–±–æ –æ—Ç—Ä–∏–º–∞—Ç–∏ –¥–æ–ø–æ–º–æ–≥—É –ø—ñ–¥ —á–∞—Å –µ–≤–∞–∫—É–∞—Ü—ñ—ó.

–ó–∞–±–µ–∑–ø–µ—á–µ–Ω–Ω—è –≤—ñ–¥–ø–æ–≤—ñ–¥–Ω–æ—Å—Ç—ñ —Ü–∏–º —Å—Ç–∞–Ω–¥–∞—Ä—Ç–∞–º —î –∫–ª—é—á–æ–≤–∏–º –∞—Å–ø–µ–∫—Ç–æ–º –ø–æ–∂–µ–∂–Ω–æ—ó –±–µ–∑–ø–µ–∫–∏ —Ç–∞ –º–æ–∂–µ —Ä—è—Ç—É–≤–∞—Ç–∏ –∂–∏—Ç—Ç—è —É –∫—Ä–∏—Ç–∏—á–Ω–∏—Ö —Å–∏—Ç—É–∞—Ü—ñ—è—Ö."
733972417,GlibZiuzin,2025-04-10 14:43:11,10,voice,question,–†–∞—Å—Å–∫–∞–∂–∏ –º–Ω–µ –ø—Ä–æ –Ω–æ—Ä–º—ã —ç–≤–∞–∫—É–∞—Ü–∏–∏.
733972417,GlibZiuzin,2025-04-10 14:43:48,10,voice,answer,"**–ù–æ—Ä–º–∏ –µ–≤–∞–∫—É–∞—Ü—ñ—ó** ‚Äì —Ü–µ –∫–µ—Ä—ñ–≤–Ω—ñ –ø—Ä–∏–Ω—Ü–∏–ø–∏ —Ç–∞ –ø—Ä–∞–≤–∏–ª–∞, —â–æ –≤–∏–∑–Ω–∞—á–∞—é—Ç—å –æ—Å–Ω–æ–≤–Ω—ñ –≤–∏–º–æ–≥–∏ –¥–æ –æ—Ä–≥–∞–Ω—ñ–∑–∞—Ü—ñ—ó –≤–∏—Ö–æ–¥—ñ–≤ —ñ —à–ª—è—Ö—ñ–≤ –µ–≤–∞–∫—É–∞—Ü—ñ—ó –¥–ª—è –∑–∞–±–µ–∑–ø–µ—á–µ–Ω–Ω—è –±–µ–∑–ø–µ—á–Ω–æ–≥–æ –≤–∏—Ö–æ–¥—É –ª—é–¥–µ–π —ñ–∑ –±—É–¥—ñ–≤–ª—ñ –∞–±–æ –ø—Ä–∏–º—ñ—â–µ–Ω–Ω—è —É —Ä–∞–∑—ñ –ø–æ–∂–µ–∂—ñ —á–∏ —ñ–Ω—à–æ—ó –Ω–∞–¥–∑–≤–∏—á–∞–π–Ω–æ—ó —Å–∏—Ç—É–∞—Ü—ñ—ó. –û—Å—å –æ—Å–Ω–æ–≤–Ω—ñ –º–æ–º–µ–Ω—Ç–∏:

1. **–ö—ñ–ª—å–∫—ñ—Å—Ç—å —Ç–∞ —Ä–æ–∑–º—ñ—Ä–∏ –µ–≤–∞–∫—É–∞—Ü—ñ–π–Ω–∏—Ö –≤–∏—Ö–æ–¥—ñ–≤**:
   - –ú–∞—é—Ç—å –±—É—Ç–∏ –¥–æ—Å—Ç–∞—Ç–Ω—å–æ –≤–∏—Ö–æ–¥—ñ–≤ —Ç–∞ –≤–æ–Ω–∏ –º–∞—é—Ç—å –±—É—Ç–∏ –¥–æ—Å—Ç–∞—Ç–Ω—å–æ —à–∏—Ä–æ–∫–∏–º–∏, —â–æ–± –º–æ–≥–ª–∏ –µ–≤–∞–∫—É—é–≤–∞—Ç–∏—Å—è –≤—Å—ñ –ª—é–¥–∏ –±–µ–∑ –∑–∞–π–≤–æ—ó –∑–∞—Ç—Ä–∏–º–∫–∏.
   - –®–∏—Ä–∏–Ω–∞ –µ–≤–∞–∫—É–∞—Ü—ñ–π–Ω–æ–≥–æ –≤–∏—Ö–æ–¥—É –∑–∞–ª–µ–∂–∏—Ç—å –≤—ñ–¥ –º–∞–∫—Å–∏–º–∞–ª—å–Ω–æ –º–æ–∂–ª–∏–≤–æ—ó –∫—ñ–ª—å–∫–æ—Å—Ç—ñ –ª—é–¥–µ–π —É –±—É–¥—ñ–≤–ª—ñ.

2. **–®–ª—è—Ö–∏ –µ–≤–∞–∫—É–∞—Ü—ñ—ó**:
   - –ú–∞—é—Ç—å –±—É—Ç–∏ –ø—Ä—è–º–∏–º–∏ —Ç–∞ –≤—ñ–ª—å–Ω–∏–º–∏ –≤—ñ–¥ –ø–µ—Ä–µ—à–∫–æ–¥.
   - –ü–æ–≤–∏–Ω–Ω—ñ –æ—Å–≤—ñ—Ç–ª—é–≤–∞—Ç–∏—Å—è, —â–æ–± —É —Ç–µ–º–Ω—É –ø–æ—Ä—É –¥–æ–±–∏ —Ç–∞ –ø—Ä–∏ –≤—ñ–¥–∫–ª—é—á–µ–Ω–Ω—ñ –µ–ª–µ–∫—Ç—Ä–æ–µ–Ω–µ—Ä–≥—ñ—ó –ª—é–¥–∏ –º–æ–≥–ª–∏ –±–µ–∑–ø–µ—á–Ω–æ –µ–≤–∞–∫—É—é–≤–∞—Ç–∏—Å—è.

3. **–ü–æ–∑–Ω–∞—á–µ–Ω–Ω—è**:
   - –ï–≤–∞–∫—É–∞—Ü—ñ–π–Ω—ñ —à–ª—è—Ö–∏ —Ç–∞ –≤–∏—Ö–æ–¥–∏ –º–∞—é—Ç—å –±—É—Ç–∏ —á—ñ—Ç–∫–æ –ø–æ–∑–Ω–∞—á–µ–Ω—ñ –∑–Ω–∞–∫–∞–º–∏ –±–µ–∑–ø–µ–∫–∏, —â–æ —Å–≤—ñ—Ç—è—Ç—å—Å—è —É —Ç–µ–º—Ä—è–≤—ñ.

4. **–ë–∞—Ä‚Äô—î—Ä–∏ —Ç–∞ –∑–∞–º–∫–∏**:
   - –î–≤–µ—Ä—ñ –µ–≤–∞–∫—É–∞—Ü—ñ–π–Ω–∏—Ö –≤–∏—Ö–æ–¥—ñ–≤ –Ω–µ –º–∞—é—Ç—å –∑–∞–º–∏–∫–∞—î—Ç—å—Å—è —Ç–∞–∫, —â–æ–± –≤–æ–Ω–∏ –º–æ–≥–ª–∏ –±—É—Ç–∏ –ª–µ–≥–∫–æ —ñ —à–≤–∏–¥–∫–æ –≤—ñ–¥—á–∏–Ω–µ–Ω—ñ –∑—Å–µ—Ä–µ–¥–∏–Ω–∏ –±–µ–∑ –≤–∏–∫–æ—Ä–∏—Å—Ç–∞–Ω–Ω—è –∫–ª—é—á–∞.

5. **–¢—Ä–µ–Ω—É–≤–∞–Ω–Ω—è —ñ –ø–µ—Ä–µ–≤—ñ—Ä–∫–∏**:
   - –†–µ–≥—É–ª—è—Ä–Ω–æ –ø—Ä–æ–≤–æ–¥–∏—Ç–∏ –Ω–∞–≤—á–∞–Ω–Ω—è —Ç–∞ –µ–≤–∞–∫—É–∞—Ü—ñ–π–Ω—ñ —Ç—Ä–µ–Ω—É–≤–∞–Ω–Ω—è, —â–æ–± —É—Å—ñ –ø—Ä–∞—Ü—ñ–≤–Ω–∏–∫–∏ –±—É–ª–∏ –æ–∑–Ω–∞–π–æ–º–ª–µ–Ω—ñ –∑ –µ–≤–∞–∫—É–∞—Ü—ñ–π–Ω–∏–º–∏ —à–ª—è—Ö–∞–º–∏ —Ç–∞ –ø—Ä–æ—Ü–µ–¥—É—Ä–æ—é –¥—ñ–π —É –Ω–∞–¥–∑–≤–∏—á–∞–π–Ω–∏—Ö —Å–∏—Ç—É–∞—Ü—ñ—è—Ö.

–ó–≤–µ—Ä–Ω–∏ –æ—Å–æ–±–ª–∏–≤—É —É–≤–∞–≥—É –Ω–∞ —Ç–µ, —â–æ —ó—Ö —Å–ª—ñ–¥ –Ω–µ —Ç—ñ–ª—å–∫–∏ –ø—Ä–∞–≤–∏–ª—å–Ω–æ —Ä–æ–∑—Ä–æ–±–∏—Ç–∏, –∞ –π –ø–æ—Å—Ç—ñ–π–Ω–æ –ø—ñ–¥—Ç—Ä–∏–º—É–≤–∞—Ç–∏ –≤—ñ–¥–ø–æ–≤—ñ–¥–Ω—ñ—Å—Ç—å —Å—Ç–∞–Ω—É –µ–≤–∞–∫—É–∞—Ü—ñ–π–Ω–∏—Ö —à–ª—è—Ö—ñ–≤ —ñ –≤–∏—Ö–æ–¥—ñ–≤ —Å—É—á–∞—Å–Ω–∏–º –Ω–æ—Ä–º–∞–º –±–µ–∑–ø–µ–∫–∏."
641269362,datsenkoigor,2025-04-10 14:43:48,11,text,question,—â–æ —Ç—Ä–µ–±–∞ –≤–∑—ñ—Ç–∏ –¥–ª—è –∑–≤–∞—Ä—é–≤–∞–Ω–Ω—è –∞–ª—é–º—ñ–Ω—ñ—é?
641269362,datsenkoigor,2025-04-10 14:44:17,11,text,answer,"–î–ª—è –∑–≤–∞—Ä—é–≤–∞–Ω–Ω—è –∞–ª—é–º—ñ–Ω—ñ—é —Ç–æ–±—ñ –∑–Ω–∞–¥–æ–±–ª—è—Ç—å—Å—è –Ω–∞—Å—Ç—É–ø–Ω—ñ **—ñ–Ω—Å—Ç—Ä—É–º–µ–Ω—Ç–∏** —Ç–∞ **–º–∞—Ç–µ—Ä—ñ–∞–ª–∏**:

1. **–ó–≤–∞—Ä—é–≤–∞–ª—å–Ω–∏–π –∞–ø–∞—Ä–∞—Ç**:
   - –í–∏–∫–æ—Ä–∏—Å—Ç–æ–≤—É–π TIG (Tungsten Inert Gas) –∑–≤–∞—Ä—é–≤–∞–Ω–Ω—è –¥–ª—è –∫—Ä–∞—â–æ–≥–æ –∫–æ–Ω—Ç—Ä–æ–ª—é —Ç–∞ —á–∏—Å—Ç–æ—Ç–∏ —à–≤–∞.
   - MIG (Metal Inert Gas) –∑–≤–∞—Ä—é–≤–∞–Ω–Ω—è —Ç–∞–∫–æ–∂ –ø—ñ–¥—Ö–æ–¥–∏—Ç—å –¥–ª—è –±—ñ–ª—å—à–∏—Ö –∞–±–æ —Ç–æ–≤—Å—Ç—ñ—à–∏—Ö –∞–ª—é–º—ñ–Ω—ñ—î–≤–∏—Ö –∫–æ–Ω—Å—Ç—Ä—É–∫—Ü—ñ–π.

2. **–ó–≤–∞—Ä—é–≤–∞–ª—å–Ω–∏–π –¥—Ä—ñ—Ç**:
   - –î–ª—è TIG –∑–≤–∞—Ä—é–≤–∞–Ω–Ω—è: —á–∏—Å—Ç–∏–π –≤–æ–ª—å—Ñ—Ä–∞–º–æ–≤–∏–π –µ–ª–µ–∫—Ç—Ä–æ–¥.
   - –î–ª—è MIG –∑–≤–∞—Ä—é–≤–∞–Ω–Ω—è: –¥—Ä—ñ—Ç, —Å–ø–µ—Ü—ñ–∞–ª—å–Ω–æ –ø—Ä–∏–∑–Ω–∞—á–µ–Ω–∏–π –¥–ª—è –∞–ª—é–º—ñ–Ω—ñ—é (–Ω–∞–ø—Ä–∏–∫–ª–∞–¥, ER4043).

3. **–ó–∞—Ö–∏—Å–Ω–∏–π –≥–∞–∑**:
   - –ê—Ä–≥–æ–Ω –∞–±–æ —Å—É–º—ñ—à –∞—Ä–≥–æ–Ω—É —Ç–∞ –≥–µ–ª—ñ—é.

4. **–ó–∞—Å–æ–±–∏ —ñ–Ω–¥–∏–≤—ñ–¥—É–∞–ª—å–Ω–æ–≥–æ –∑–∞—Ö–∏—Å—Ç—É**:
   - –ó–≤–∞—Ä—é–≤–∞–ª—å–Ω–∞ –º–∞—Å–∫–∞ –∑ –∞–≤—Ç–æ–º–∞—Ç–∏—á–Ω–∏–º –∑–∞—Ç–µ–º–Ω–µ–Ω–Ω—è–º.
   - –ó–∞—Ö–∏—Å–Ω–∏–π –æ–¥—è–≥ (–∫–æ–º–±—ñ–Ω–µ–∑–æ–Ω, —Ä—É–∫–∞–≤–∏—Ü—ñ, –±–æ—Ç–∏).

5. **–û—á–∏—Å–Ω—ñ –º–∞—Ç–µ—Ä—ñ–∞–ª–∏**:
   - –©—ñ—Ç–∫–∏ –∑ –Ω–µ—Ä–∂–∞–≤—ñ—é—á–æ—ó —Å—Ç–∞–ª—ñ –∞–±–æ —Å–ø–µ—Ü—ñ–∞–ª—å–Ω—ñ –∞–ª—é–º—ñ–Ω—ñ—î–≤—ñ —â—ñ—Ç–∫–∏ –¥–ª—è –æ—á–∏—â–µ–Ω–Ω—è –º–µ—Ç–∞–ª—É –¥–æ –∑–≤–∞—Ä—é–≤–∞–Ω–Ω—è.
   - –•—ñ–º—ñ—á–Ω—ñ —Ä–æ–∑—á–∏–Ω–Ω–∏–∫–∏ –¥–ª—è –¥–µ–≥—Ä–µ—Å—É–≤–∞–Ω–Ω—è.

6. **–î–æ–¥–∞—Ç–∫–æ–≤–µ —É—Å—Ç–∞—Ç–∫—É–≤–∞–Ω–Ω—è**:
   - –ö—É—Ç–æ–≤–∞ —à–ª—ñ—Ñ—É–≤–∞–ª—å–Ω–∞ –º–∞—à–∏–Ω–∞ –¥–ª—è –æ–±—Ä–æ–±–∫–∏ –∫—ñ–Ω—Ü—ñ–≤ –ø–µ—Ä–µ–¥ –∑–≤–∞—Ä—é–≤–∞–Ω–Ω—è–º.
   - –í–µ–Ω—Ç–∏–ª—è—Ü—ñ—è –∞–±–æ –≤–∏—Ç—è–∂–∫–∞ –¥–ª—è –≤—ñ–¥–≤–µ–¥–µ–Ω–Ω—è —à–∫—ñ–¥–ª–∏–≤–∏—Ö –≤–∏–ø–∞—Ä–æ–≤—É–≤–∞–Ω—å.

**–ó–≤–µ—Ä–Ω–∏ —É–≤–∞–≥—É:** –ø–µ—Ä–µ–¥ –∑–≤–∞—Ä—é–≤–∞–Ω–Ω—è–º –æ–±–æ–≤'—è–∑–∫–æ–≤–æ —Ä–µ—Ç–µ–ª—å–Ω–æ –æ—á–∏—â–∞–π –ø–æ–≤–µ—Ä—Ö–Ω—é –∞–ª—é–º—ñ–Ω—ñ—é, —â–æ–± —É–Ω–∏–∫–Ω—É—Ç–∏ —É—Ç–≤–æ—Ä–µ–Ω–Ω—è –æ–∫—Å–∏–¥—É, —è–∫–∏–π –º–æ–∂–µ –Ω–µ–≥–∞—Ç–∏–≤–Ω–æ –≤–ø–ª–∏–Ω—É—Ç–∏ –Ω–∞ —è–∫—ñ—Å—Ç—å –∑–≤–∞—Ä–Ω–æ–≥–æ —à–≤–∞."
641269362,datsenkoigor,2025-04-11 14:13:21,14,text,question,—è–∫ –≤—ñ–¥—Ä—ñ–∑–Ω—è—é—Ç—å—Å—è –≤–∏–º–æ–≥–∏ –¥–æ –∑–≤–∞—Ä—é–≤–∞–ª—å–Ω–∏–∫—ñ–≤ –≤ –∑–∞–ª–µ–∂–Ω–æ—Å—Ç—ñ –≤—ñ–¥ —ó—Ö —Ä–∞–∑—Ä—è–¥—É
641269362,datsenkoigor,2025-04-11 14:13:46,14,text,answer,"**–†–æ–∑—Ä—è–¥–∏ –∑–≤–∞—Ä—é–≤–∞–ª—å–Ω–∏–∫—ñ–≤** ‚Äì —Ü–µ –∫–∞—Ç–µ–≥–æ—Ä—ñ—ó –º–∞–π—Å—Ç–µ—Ä–Ω–æ—Å—Ç—ñ, —â–æ –≤–∏–∑–Ω–∞—á–∞—é—Ç—å —Å–∫–ª–∞–¥–Ω—ñ—Å—Ç—å –¥–æ—Ä—É—á–µ–Ω–∏—Ö –∑–∞–≤–¥–∞–Ω—å —Ç–∞ –≤—ñ–¥–ø–æ–≤—ñ–¥–∞–ª—å–Ω—ñ—Å—Ç—å. –í–∏–º–æ–≥–∏ —Ç–∞ –Ω–∞–≤–∏—á–∫–∏ –∑–≤–∞—Ä—é–≤–∞–ª—å–Ω–∏–∫—ñ–≤ –∑—Ä–æ—Å—Ç–∞—é—Ç—å —ñ–∑ –∫–æ–∂–Ω–∏–º —Ä–æ–∑—Ä—è–¥–æ–º:

1. **1-2 —Ä–æ–∑—Ä—è–¥–∏**:
   - **–ó–∞–≤–¥–∞–Ω–Ω—è**: –ü—Ä–æ–≤–µ–¥–µ–Ω–Ω—è –ø—Ä–æ—Å—Ç–∏—Ö –∑–≤–∞—Ä—é–≤–∞–ª—å–Ω–∏—Ö —Ä–æ–±—ñ—Ç, —è–∫ –ø—Ä–∞–≤–∏–ª–æ, —É —Å–µ—Ä—ñ–π–Ω–æ–º—É –≤–∏—Ä–æ–±–Ω–∏—Ü—Ç–≤—ñ –∑ —Ç–∏–ø–æ–≤–∏–º–∏ –∑–∞–¥–∞—á–∞–º–∏.
   - **–ù–∞–≤–∏—á–∫–∏**: –û—Å–Ω–æ–≤–Ω—ñ –∑–Ω–∞–Ω–Ω—è –ø—Ä–æ—Ü–µ—Å—ñ–≤ –∑–≤–∞—Ä—é–≤–∞–Ω–Ω—è, —É–º—ñ–Ω–Ω—è –ø—Ä–∞—Ü—é–≤–∞—Ç–∏ –∑—ñ —Å—Ç–∞–Ω–¥–∞—Ä—Ç–Ω–∏–º –æ–±–ª–∞–¥–Ω–∞–Ω–Ω—è–º.
   - **–í—ñ–¥–ø–æ–≤—ñ–¥–∞–ª—å–Ω—ñ—Å—Ç—å**: –ù–∏–∑—å–∫–∞, –∑–¥–µ–±—ñ–ª—å—à–æ–≥–æ –ø—ñ–¥ –Ω–∞–≥–ª—è–¥–æ–º –±—ñ–ª—å—à –¥–æ—Å–≤—ñ–¥—á–µ–Ω–∏—Ö –º–∞–π—Å—Ç—Ä—ñ–≤.

2. **3-4 —Ä–æ–∑—Ä—è–¥–∏**:
   - **–ó–∞–≤–¥–∞–Ω–Ω—è**: –í–∏–∫–æ–Ω–∞–Ω–Ω—è —Å–∫–ª–∞–¥–Ω—ñ—à–∏—Ö –∑–≤–∞—Ä—é–≤–∞–ª—å–Ω–∏—Ö —Ä–æ–±—ñ—Ç, —â–æ –≤–∏–º–∞–≥–∞—é—Ç—å –±—ñ–ª—å—à–æ—ó —Ç–æ—á–Ω–æ—Å—Ç—ñ —Ç–∞ –∫–≤–∞–ª—ñ—Ñ—ñ–∫–∞—Ü—ñ—ó.
   - **–ù–∞–≤–∏—á–∫–∏**: –ó–¥–∞—Ç–Ω—ñ—Å—Ç—å —á–∏—Ç–∞—Ç–∏ —Ç–µ—Ö–Ω—ñ—á–Ω—ñ –º–∞–ª—é–Ω–∫–∏ —ñ –ø—Ä–∞—Ü—é–≤–∞—Ç–∏ –∑ —Ä—ñ–∑–Ω–∏–º–∏ –º–∞—Ç–µ—Ä—ñ–∞–ª–∞–º–∏ —ñ —Ç–∏–ø–∞–º–∏ –∑'—î–¥–Ω–∞–Ω—å.
   - **–í—ñ–¥–ø–æ–≤—ñ–¥–∞–ª—å–Ω—ñ—Å—Ç—å**: –í–∏—â–∞, —Ç–∞–∫—ñ –∑–≤–∞—Ä—é–≤–∞–ª—å–Ω–∏–∫–∏ —á–∞—Å—Ç–æ –ø—Ä–∞—Ü—é—é—Ç—å —Å–∞–º–æ—Å—Ç—ñ–π–Ω–æ —ñ –Ω–µ—Å—É—Ç—å –≤—ñ–¥–ø–æ–≤—ñ–¥–∞–ª—å–Ω—ñ—Å—Ç—å –∑–∞ —è–∫—ñ—Å—Ç—å –≤–∏–∫–æ–Ω–∞–Ω–Ω—è —Ä–æ–±–æ—Ç–∏. 

3. **5-6 —Ä–æ–∑—Ä—è–¥–∏**:
   - **–ó–∞–≤–¥–∞–Ω–Ω—è**: –°–∫–ª–∞–¥–Ω—ñ –∑–≤–∞—Ä—é–≤–∞–ª—å–Ω—ñ –æ–ø–µ—Ä–∞—Ü—ñ—ó, –≤–∫–ª—é—á–Ω–æ –∑ —Ä–æ–±–æ—Ç–∞–º–∏ –Ω–∞ –∫—Ä–∏—Ç–∏—á–Ω–æ –≤–∞–∂–ª–∏–≤–∏—Ö —Ç–∞ –≤–µ–ª–∏–∫–∏—Ö –æ–±'—î–∫—Ç–∞—Ö.
   - **–ù–∞–≤–∏—á–∫–∏**: –ì–ª–∏–±–æ–∫–µ —Ä–æ–∑—É–º—ñ–Ω–Ω—è –≤—Å—ñ—Ö –ø—Ä–æ—Ü–µ—Å—ñ–≤ –∑–≤–∞—Ä—é–≤–∞–Ω–Ω—è, —É–º—ñ–Ω–Ω—è –ø—Ä–∞—Ü—é–≤–∞—Ç–∏ –≤ —Å–∫–ª–∞–¥–Ω–∏—Ö —É–º–æ–≤–∞—Ö, –∞ —Ç–∞–∫–æ–∂ –∑ –≤–µ–ª–∏–∫–æ—é –∫—ñ–ª—å–∫—ñ—Å—Ç—é —Ä—ñ–∑–Ω–æ–º–∞–Ω—ñ—Ç–Ω–∏—Ö —Å–ø–ª–∞–≤—ñ–≤.
   - **–í—ñ–¥–ø–æ–≤—ñ–¥–∞–ª—å–Ω—ñ—Å—Ç—å**: –í–∏—Å–æ–∫–∞, –∑–≤–∞—Ä—é–≤–∞–ª—å–Ω–∏–∫–∏ —Ç–∞–∫–∏—Ö –∫–∞—Ç–µ–≥–æ—Ä—ñ–π –Ω–µ—Ä—ñ–¥–∫–æ –≤–∏–∫–æ–Ω—É—é—Ç—å —Ä–æ–±–æ—Ç–∏, —â–æ –∑–∞–±–µ–∑–ø–µ—á—É—é—Ç—å –±–µ–∑–ø–µ–∫—É —ñ–Ω—à–∏—Ö –∫–æ–Ω—Å—Ç—Ä—É–∫—Ü—ñ–π.

–ó–±—ñ–ª—å—à–µ–Ω–Ω—è —Ä–æ–∑—Ä—è–¥—É —Å—É–ø—Ä–æ–≤–æ–¥–∂—É—î—Ç—å—Å—è **–ø—ñ–¥–≤–∏—â–µ–Ω–Ω—è–º –≤–∏–º–æ–≥ –¥–æ –ø—Ä–æ—Ñ–µ—Å—ñ–π–Ω–∏—Ö –∑–Ω–∞–Ω—å —ñ –≤–º—ñ–Ω—å**, –∞ —Ç–∞–∫–æ–∂ **–∑—Ä–æ—Å—Ç–∞–Ω–Ω—è–º –≤—ñ–¥–ø–æ–≤—ñ–¥–∞–ª—å–Ω–æ—Å—Ç—ñ —ñ —Å–∞–º–æ—Å—Ç—ñ–π–Ω–æ—Å—Ç—ñ** —É —Ä–æ–±–æ—Ç—ñ."
733972417,GlibZiuzin,2025-04-14 19:40:33,16,voice,question,–†–∞—Å—Å–∫–∞–∂–∏ –ø—Ä–æ —ç–≤–∞–∫—É–∞—Ü–∏—é –≤—Å–µ —Å—Ç–∞–Ω–¥–∞—Ä—Ç—ã.
733972417,GlibZiuzin,2025-04-14 19:41:05,16,voice,answer,"–û—Ç–∂–µ, –¥–∞–≤–∞–π —Ä–æ–∑–±–µ—Ä–µ–º–æ—Å—å, —â–æ –≤–∞–∂–ª–∏–≤–æ –∑–Ω–∞—Ç–∏ –ø—Ä–æ –µ–≤–∞–∫—É–∞—Ü—ñ—é —Ç–∞ —Å—Ç–∞–Ω–¥–∞—Ä—Ç–∏, —è–∫–∏—Ö —Ç—Ä–µ–±–∞ –¥–æ—Ç—Ä–∏–º—É–≤–∞—Ç–∏—Å—å, —â–æ–± –∑–∞–±–µ–∑–ø–µ—á–∏—Ç–∏ –±–µ–∑–ø–µ–∫—É:

### –û—Å–Ω–æ–≤–Ω—ñ —Å—Ç–∞–Ω–¥–∞—Ä—Ç–∏ –µ–≤–∞–∫—É–∞—Ü—ñ—ó:

1. **–®–ª—è—Ö–∏ –µ–≤–∞–∫—É–∞—Ü—ñ—ó:**
   - **–ß—ñ—Ç–∫–æ –ø–æ–∑–Ω–∞—á–µ–Ω—ñ** —ñ –∑–∞–≤–∂–¥–∏ **–≤—ñ–ª—å–Ω—ñ** –≤—ñ–¥ –ø–µ—Ä–µ—à–∫–æ–¥.
   - –®–∏—Ä—à–∏–Ω–∞ –ø—Ä–æ—Ö–æ–¥—ñ–≤ –≤—ñ–¥–ø–æ–≤—ñ–¥–∞—î –æ—á—ñ–∫—É–≤–∞–Ω–æ–º—É —á–∏—Å–ª—É –ª—é–¥–µ–π.

2. **–í–∏—Ö—ñ–¥–Ω—ñ –¥–≤–µ—Ä—ñ:**
   - –ü–æ–≤–∏–Ω–Ω—ñ –≤—ñ–¥—á–∏–Ω—è—Ç–∏—Å—è **–Ω–∞–∑–æ–≤–Ω—ñ**.
   - –ï–∫—ñ–ø—ñ—Ä—É–≤–∞—Ç–∏—Å—å **–∞–Ω—Ç–∏–ø–∞–Ω—ñ—á–Ω–∏–º–∏ –∑–∞–º–∫–∞–º–∏**.

3. **–û—Å–≤—ñ—Ç–ª–µ–Ω—ñ—Å—Ç—å:**
   - –ê–≤–∞—Ä—ñ–π–Ω–µ –æ—Å–≤—ñ—Ç–ª–µ–Ω–Ω—è, —â–æ –∑–∞–¥—ñ—é—î—Ç—å—Å—è –ø—Ä–∏ –∑–Ω–∏–∫–Ω–µ–Ω–Ω—ñ –µ–ª–µ–∫—Ç—Ä–æ–µ–Ω–µ—Ä–≥—ñ—ó.

4. **–ü–æ–∑–Ω–∞—á–µ–Ω–Ω—è:**
   - –ü–æ–∫–∞–∂—á–∏–∫–∏ –µ–≤–∞–∫—É–∞—Ü—ñ—ó —Ç–∞ –∑–Ω–∞–∫–∏ –±–µ–∑–ø–µ–∫–∏ –∑–≥—ñ–¥–Ω–æ –ì–û–°–¢ 12.4.026-76, —â–æ –≤–µ–¥—É—Ç—å –¥–æ –≤–∏—Ö–æ–¥—É.

5. **–Ü–Ω—Å—Ç—Ä—É–∫—Ü—ñ—ó:**
   - –ü—Ä–æ–∑–æ—Ä—ñ —ñ –¥–æ—Å—Ç—É–ø–Ω—ñ –∫–µ—Ä—ñ–≤–Ω–∏—Ü—Ç–≤–∞ –¥–ª—è –ø–µ—Ä—Å–æ–Ω–∞–ª—É —Ç–∞ –≤—ñ–¥–≤—ñ–¥—É–≤–∞—á—ñ–≤ –∑ –¥—ñ—è–º–∏ –ø—ñ–¥ —á–∞—Å –∞–≤–∞—Ä—ñ–π.

6. **–°–∏–≥–Ω–∞–ª—ñ–∑–∞—Ü—ñ—è:**
   - –°–∏—Å—Ç–µ–º–∞ –æ–ø–æ–≤—ñ—â–µ–Ω–Ω—è, –∑—Ä–æ–∑—É–º—ñ–ª–∞ –∫–æ–∂–Ω–æ–º—É —Ö—Ç–æ –ø–µ—Ä–µ–±—É–≤–∞—î –≤ –±—É–¥—ñ–≤–ª—ñ.

7. **–ü—Ä–∞–∫—Ç–∏—á–Ω—ñ —Ç—Ä–µ–Ω—É–≤–∞–Ω–Ω—è:**
   - –†–µ–≥—É–ª—è—Ä–Ω—ñ –Ω–∞–≤—á–∞–Ω–Ω—è —Ç–∞ –µ–≤–∞–∫—É–∞—Ü—ñ–π–Ω—ñ —Ç—Ä–µ–Ω—ñ–Ω–≥–∏ –∑ –ø–µ—Ä—Å–æ–Ω–∞–ª–æ–º.

8. **–†–µ–∞–≥—É–≤–∞–Ω–Ω—è –Ω–∞ –∑–º—ñ–Ω–∏:**
   - –ü—Ä–∏ –∑–º—ñ–Ω—ñ –ø–ª–∞–Ω—É–≤–∞–Ω–Ω—è –∞–±–æ —Ñ—É–Ω–∫—Ü—ñ–æ–Ω–∞–ª—É –±—É–¥—ñ–≤–ª—ñ, –Ω–µ–æ–±—Ö—ñ–¥–Ω–æ –ø–µ—Ä–µ–≥–ª—è–¥–∞—Ç–∏ –ø–ª–∞–Ω–∏ –µ–≤–∞–∫—É–∞—Ü—ñ—ó.

### –û—Å–æ–±–ª–∏–≤—ñ –≤–∏–ø–∞–¥–∫–∏:

- –£ –º—ñ—Å—Ü—è—Ö —ñ–∑ –º–∞—Å–æ–≤–∏–º –ø–µ—Ä–µ–±—É–≤–∞–Ω–Ω—è–º –ª—é–¥–µ–π —ñ—Å–Ω—É—é—Ç—å –¥–æ–¥–∞—Ç–∫–æ–≤—ñ –≤–∏–º–æ–≥–∏ –¥–æ –µ–≤–∞–∫—É–∞—Ü—ñ–π–Ω–∏—Ö —à–ª—è—Ö—ñ–≤ —Ç–∞ —ñ–Ω—Å—Ç—Ä—É–∫—Ü—ñ–π.
- –î–≤—ñ—á—ñ –Ω–∞ —Ä—ñ–∫ –æ–±–æ–≤'—è–∑–∫–æ–≤–µ –ø—Ä–∞–∫—Ç–∏—á–Ω–µ –µ–≤–∞–∫—É–∞—Ü—ñ–π–Ω–µ —Ç—Ä–µ–Ω—É–≤–∞–Ω–Ω—è.
- –î–ª—è –æ–±'—î–∫—Ç—ñ–≤, –¥–µ –ª—é–¥–∏ –ø–µ—Ä–µ–±—É–≤–∞—é—Ç—å –≤–Ω–æ—á—ñ (–Ω–∞–ø—Ä–∏–∫–ª–∞–¥, –≥–æ—Ç–µ–ª—ñ), —Ç—Ä–µ–±–∞ –º–∞—Ç–∏ —ñ–Ω—Å—Ç—Ä—É–∫—Ü—ñ—ó –¥–ª—è –µ–≤–∞–∫—É–∞—Ü—ñ—ó —É –¥–µ–Ω–Ω–∏–π —Ç–∞ –Ω—ñ—á–Ω–∏–π —á–∞—Å.

**–ë—É—Ç–∏ –≥–æ—Ç–æ–≤–∏–º –¥–æ –µ–≤–∞–∫—É–∞—Ü—ñ—ó ‚Äì —Ü–µ –Ω–µ –ø—Ä–æ—Å—Ç–æ –∑–∞–∫–æ–Ω–Ω–∞ –≤–∏–º–æ–≥–∞, –∞ —Ä–µ–∞–ª—å–Ω–∞ –Ω–µ–æ–±—Ö—ñ–¥–Ω—ñ—Å—Ç—å, —è–∫–∞ –º–æ–∂–µ –≤—Ä—è—Ç—É–≤–∞—Ç–∏ –∂–∏—Ç—Ç—è.** –ú–∞—é—á–∏ –∑–Ω–∞–Ω–Ω—è –ø—Ä–æ —Ü—ñ —Å—Ç–∞–Ω–¥–∞—Ä—Ç–∏ —ñ —Ä–µ–≥—É–ª—è—Ä–Ω–æ –ø—Ä–æ–≤–æ–¥—è—á–∏ –Ω–∞–≤—á–∞–Ω–Ω—è, –º–æ–∂–µ–º–æ –∑–Ω–∞—á–Ω–æ –∑–Ω–∏–∑–∏—Ç–∏ —Ä–∏–∑–∏–∫–∏ —Ç–∞ –∑–±–µ—Ä–µ–≥—Ç–∏ —Å–ø–æ–∫—ñ–π —É –∫—Ä–∏—Ç–∏—á–Ω—ñ –º–æ–º–µ–Ω—Ç–∏."
641269362,datsenkoigor,2025-04-16 13:06:16,18,text,question,–ø—Ä–∏–≤—ñ—Ç! —â–æ —Ç—Ä–µ–±–∞ –¥–ª—è –º–æ–∂–ª–∏–≤–æ—Å—Ç—ñ –∑–≤–∞—Ä—é–≤–∞—Ç–∏ –º–æ—Å—Ç–∏?
641269362,datsenkoigor,2025-04-16 13:06:48,18,text,answer,"–ü—Ä–∏–≤—ñ—Ç! –î–ª—è –∑–≤–∞—Ä—é–≤–∞–Ω–Ω—è –º–æ—Å—Ç—ñ–≤ –ø–æ—Ç—Ä—ñ–±–Ω–æ –∫—ñ–ª—å–∫–∞ –≤–∞–∂–ª–∏–≤–∏—Ö –∫–æ–º–ø–æ–Ω–µ–Ω—Ç—ñ–≤. –û—Å—å –æ—Å–Ω–æ–≤–Ω—ñ –∑ –Ω–∏—Ö:

1. **–ö–≤–∞–ª—ñ—Ñ—ñ–∫–∞—Ü—ñ—è –∑–≤–∞—Ä–Ω–∏–∫—ñ–≤:**
   - –ú–∞—é—Ç—å –±—É—Ç–∏ —Å–µ—Ä—Ç–∏—Ñ—ñ–∫–æ–≤–∞–Ω—ñ –¥–ª—è –≤–∏–∫–æ–Ω–∞–Ω–Ω—è –≤–∏—Å–æ–∫–æ—è–∫—ñ—Å–Ω–∏—Ö –∑–≤–∞—Ä—é–≤–∞–ª—å–Ω–∏—Ö —Ä–æ–±—ñ—Ç.
   - –ù–µ–æ–±—Ö—ñ–¥–Ω–æ –ø—Ä–æ—Ö–æ–¥–∏—Ç–∏ —Å–ø–µ—Ü—ñ–∞–ª—ñ–∑–æ–≤–∞–Ω–µ –Ω–∞–≤—á–∞–Ω–Ω—è —Ç–∞ –∞—Ç–µ—Å—Ç–∞—Ü—ñ—é –¥–ª—è —Ä–æ–±–æ—Ç–∏ –Ω–∞ –≤–∏—Å–æ—Ç—ñ —Ç–∞ —É –≤–µ–ª–∏–∫–∏—Ö –∫–æ–Ω—Å—Ç—Ä—É–∫—Ü—ñ—è—Ö.

2. **–°–ø–µ—Ü—ñ–∞–ª—ñ–∑–æ–≤–∞–Ω–µ –æ–±–ª–∞–¥–Ω–∞–Ω–Ω—è:**
   - –ê–≤—Ç–æ–º–∞—Ç–∏–∑–æ–≤–∞–Ω—ñ –∑–≤–∞—Ä—é–≤–∞–ª—å–Ω—ñ —Å–∏—Å—Ç–µ–º–∏ –¥–ª—è –∑–∞–±–µ–∑–ø–µ—á–µ–Ω–Ω—è —Ç–æ—á–Ω–æ—Å—Ç—ñ —Ç–∞ —è–∫–æ—Å—Ç—ñ –∑–≤–∞—Ä–Ω–∏—Ö —à–≤—ñ–≤.
   - –ü–æ—Ä—Ç–∞—Ç–∏–≤–Ω—ñ –∑–≤–∞—Ä—é–≤–∞–ª—å–Ω—ñ –∞–ø–∞—Ä–∞—Ç–∏ –¥–ª—è —Ä–æ–±–æ—Ç–∏ –≤ —Ç—Ä—É–¥–Ω–æ–¥–æ—Å—Ç—É–ø–Ω–∏—Ö –º—ñ—Å—Ü—è—Ö.

3. **–ú–∞—Ç–µ—Ä—ñ–∞–ª–∏:**
   - –í–∏–∫–æ—Ä–∏—Å—Ç–∞–Ω–Ω—è –≤—ñ–¥–ø–æ–≤—ñ–¥–Ω–∏—Ö –µ–ª–µ–∫—Ç—Ä–æ–¥—ñ–≤ –∞–±–æ –ø—Ä–æ–≤–æ–ª–æ–∫–∏, —â–æ –∑–∞–±–µ–∑–ø–µ—á—É—é—Ç—å –Ω–µ–æ–±—Ö—ñ–¥–Ω—É –º—ñ—Ü–Ω—ñ—Å—Ç—å —Ç–∞ –¥–æ–≤–≥–æ–≤—ñ—á–Ω—ñ—Å—Ç—å –∑'—î–¥–Ω–∞–Ω—å.
   - –ó–≤–∞—Ä—é–≤–∞–ª—å–Ω—ñ –º–∞—Ç–µ—Ä—ñ–∞–ª–∏ –º–∞—é—Ç—å –≤—ñ–¥–ø–æ–≤—ñ–¥–∞—Ç–∏ —Å—Ç–∞–Ω–¥–∞—Ä—Ç–∞–º –º—ñ—Ü–Ω–æ—Å—Ç—ñ —Ç–∞ —Å—Ç—ñ–π–∫–æ—Å—Ç—ñ –¥–æ –∫–æ—Ä–æ–∑—ñ—ó.

4. **–¢–µ—Ö–Ω—ñ–∫–∞ –±–µ–∑–ø–µ–∫–∏:**
   - –†–µ—Ç–µ–ª—å–Ω–µ –¥–æ—Ç—Ä–∏–º–∞–Ω–Ω—è –ø—Ä–æ—Ç–æ–∫–æ–ª—ñ–≤ –±–µ–∑–ø–µ–∫–∏ –Ω–∞ –≤–∏—Å–æ—Ç—ñ.
   - –ó–∞–±–µ–∑–ø–µ—á–µ–Ω–Ω—è —Ä–æ–±–æ—á–∏—Ö –º—ñ—Å—Ü—å –Ω–µ–æ–±—Ö—ñ–¥–Ω–∏–º–∏ –∑–∞—Å–æ–±–∞–º–∏ —ñ–Ω–¥–∏–≤—ñ–¥—É–∞–ª—å–Ω–æ–≥–æ –∑–∞—Ö–∏—Å—Ç—É (—Å—Ç—Ä–∞—Ö—É–≤–∞–ª—å–Ω—ñ —Å–∏—Å—Ç–µ–º–∏, —à–æ–ª–æ–º–∏).

5. **–ü–ª–∞–Ω—É–≤–∞–Ω–Ω—è —Ç–∞ –ø—Ä–æ–µ–∫—Ç—É–≤–∞–Ω–Ω—è:**
   - –†–æ–∑—Ä–æ–±–∫–∞ –¥–µ—Ç–∞–ª—å–Ω–∏—Ö —Ç–µ—Ö–Ω—ñ—á–Ω–∏—Ö –∫—Ä–µ—Å–ª–µ–Ω—å —Ç–∞ –∑–≤–∞—Ä—é–≤–∞–ª—å–Ω–∏—Ö –ø–ª–∞–Ω—ñ–≤.
   - –ö–≤–∞–ª—ñ—Ñ—ñ–∫–æ–≤–∞–Ω—ñ —ñ–Ω–∂–µ–Ω–µ—Ä–∏-–∫–æ–Ω—Å—Ç—Ä—É–∫—Ç–æ—Ä–∏ —Ç–∞ —Ç–µ—Ö–Ω—ñ–∫–∏ –ø–æ–≤–∏–Ω–Ω—ñ –≤–∏–∑–Ω–∞—á–∏—Ç–∏ –º–µ—Ç–æ–¥–∏ –∑–≤–∞—Ä—é–≤–∞–Ω–Ω—è —Ç–∞ —Ç–æ—á–∫–∏ –∑'—î–¥–Ω–∞–Ω–Ω—è.

6. **–î–æ—Ç—Ä–∏–º–∞–Ω–Ω—è —Å—Ç–∞–Ω–¥–∞—Ä—Ç—ñ–≤ —Ç–∞ –Ω–æ—Ä–º:**
   - –ó–∞—Å—Ç–æ—Å—É–≤–∞–Ω–Ω—è –Ω–æ—Ä–º –¥–µ—Ä–∂–∞–≤–Ω–∏—Ö —ñ –º—ñ–∂–Ω–∞—Ä–æ–¥–Ω–∏—Ö —Å—Ç–∞–Ω–¥–∞—Ä—Ç—ñ–≤ —É –±—É–¥—ñ–≤–Ω–∏—Ü—Ç–≤—ñ –º–æ—Å—Ç—ñ–≤ —ñ –º–µ—Ç–∞–ª–æ–∫–æ–Ω—Å—Ç—Ä—É–∫—Ü—ñ–π.

7. **–ü–µ—Ä–µ–≤—ñ—Ä–∫–∞ —Ç–∞ –∫–æ–Ω—Ç—Ä–æ–ª—å —è–∫–æ—Å—Ç—ñ:**
   - –ü—Ä–æ—Ü–µ—Å–∏ –Ω–µ—Ä—É–π–Ω—ñ–≤–Ω–æ–≥–æ –∫–æ–Ω—Ç—Ä–æ–ª—é (—É–ª—å—Ç—Ä–∞–∑–≤—É–∫–æ–≤–µ —Ç–µ—Å—Ç—É–≤–∞–Ω–Ω—è, —Ä–µ–Ω—Ç–≥–µ–Ω—ñ–≤—Å—å–∫–∞ –ø–µ—Ä–µ–≤—ñ—Ä–∫–∞) –¥–ª—è –∑–∞–±–µ–∑–ø–µ—á–µ–Ω–Ω—è —Ü—ñ–ª—ñ—Å–Ω–æ—Å—Ç—ñ –∑–≤–∞—Ä–Ω–∏—Ö —à–≤—ñ–≤.
   - –†–µ–≥—É–ª—è—Ä–Ω—ñ —ñ–Ω—Å–ø–µ–∫—Ü—ñ—ó –∑–≤–∞—Ä–Ω–∏—Ö —à–≤—ñ–≤ —Å–ø–µ—Ü—ñ–∞–ª—ñ—Å—Ç–∞–º–∏.

–í–∏–∫–æ–Ω–∞–Ω–Ω—è –∑–≤–∞—Ä—é–≤–∞–ª—å–Ω–∏—Ö —Ä–æ–±—ñ—Ç –ø—Ä–∏ –±—É–¥—ñ–≤–Ω–∏—Ü—Ç–≤—ñ –º–æ—Å—Ç—ñ–≤ –≤–∏–º–∞–≥–∞—î –¥–æ—Å–∫–æ–Ω–∞–ª–æ—ó —Ç–æ—á–Ω–æ—Å—Ç—ñ, –¥–æ—Å–≤—ñ–¥—É —Ç–∞ –≤—ñ–¥–ø–æ–≤—ñ–¥–∞–ª—å–Ω–æ—Å—Ç—ñ, –∞–ª–µ –∑–∞ —Ü–∏–º–∏ –ø—É–Ω–∫—Ç–∞–º–∏ –±—É–¥–µ –∑–Ω–∞—á–Ω–æ –ª–µ–≥—à–µ –∑–∞–±–µ–∑–ø–µ—á–∏—Ç–∏ –Ω–∞–¥—ñ–π–Ω—ñ—Å—Ç—å —ñ –±–µ–∑–ø–µ–∫—É –∫–æ–Ω—Å—Ç—Ä—É–∫—Ü—ñ—ó."
641269362,datsenkoigor,2025-04-18 11:53:23,20,text,question,–ø—Ä–∏–≤—ñ—Ç!
641269362,datsenkoigor,2025-04-18 11:53:26,20,text,answer,–ü—Ä–∏–≤—ñ—Ç! –Ø–∫ –º–æ–∂—É –¥–æ–ø–æ–º–æ–≥—Ç–∏ —Ç–æ–±—ñ —Å—å–æ–≥–æ–¥–Ω—ñ?
641269362,datsenkoigor,2025-04-18 11:53:56,22,text,question,—Ä–∞—Å—Å–∫–∞–∂–∏ –º–Ω–µ –ø—Ä–æ —Ç—Ä–µ–±–æ–≤–∞–Ω–∏—è –¥–ª—è —Å–≤—Ä—â–∏–∫–æ–≤
641269362,datsenkoigor,2025-04-18 11:54:16,22,text,answer,"–û—Å—å –æ—Å–Ω–æ–≤–Ω—ñ **–≤–∏–º–æ–≥–∏ –±–µ–∑–ø–µ–∫–∏** –¥–ª—è –∑–≤–∞—Ä—é–≤–∞–ª—å–Ω–∏–∫—ñ–≤:

### –û—Å–æ–±–∏—Å—Ç–µ –∑–∞—Ö–∏—Å–Ω–µ –æ–±–ª–∞–¥–Ω–∞–Ω–Ω—è (–û–ó–û)
1. **–ó–∞—Ö–∏—Å–Ω–∏–π –æ–¥—è–≥**: –ü–æ–¥–æ–≤–∂–µ–Ω–∞ –∫—É—Ä—Ç–∫–∞ —Ç–∞ —à—Ç–∞–Ω–∏ –∑ –Ω–µ–≥–æ—Ä—é—á–æ–≥–æ –º–∞—Ç–µ—Ä—ñ–∞–ª—É –¥–ª—è –∑–∞—Ö–∏—Å—Ç—É –≤—ñ–¥ —ñ—Å–∫–æ—Ä —ñ –≥–∞—Ä—è—á–æ–≥–æ –º–µ—Ç–∞–ª—É.
2. **–ó–∞—Ö–∏—Å–Ω—ñ —Ä—É–∫–∞–≤–∏—á–∫–∏**: –ó –Ω–∞—Ç—É—Ä–∞–ª—å–Ω–æ—ó —à–∫—ñ—Ä–∏, —â–æ –ø–æ–∫—Ä–∏–≤–∞—é—Ç—å –∑–∞–ø'—è—Å—Ç—è —ñ —á–∞—Å—Ç–∏–Ω—É –ø–µ—Ä–µ–¥–ø–ª—ñ—á—á—è.
3. **–©–∏—Ç–æ–∫ –∞–±–æ –º–∞—Å–∫–∞ –¥–ª—è –∑–≤–∞—Ä—é–≤–∞–Ω–Ω—è**: –ó –∞–≤—Ç–æ–º–∞—Ç–∏—á–Ω–∏–º –∞–±–æ —Ä—É—á–Ω–∏–º –∑–∞—Ç–µ–º–Ω–µ–Ω–Ω—è–º –¥–ª—è –∑–∞—Ö–∏—Å—Ç—É –æ—á–µ–π —ñ –æ–±–ª–∏—á—á—è –≤—ñ–¥ —É–ª—å—Ç—Ä–∞—Ñ—ñ–æ–ª–µ—Ç–æ–≤–æ–≥–æ —Ç–∞ —ñ–Ω—Ñ—Ä–∞—á–µ—Ä–≤–æ–Ω–æ–≥–æ –≤–∏–ø—Ä–æ–º—ñ–Ω—é–≤–∞–Ω–Ω—è.
4. **–ó–∞—Ö–∏—Å—Ç –≤—É—Ö**: –ë–µ—Ä—É—à—ñ –∞–±–æ –Ω–∞–≤—É—à–Ω–∏–∫–∏ –≤ –∑–∞–ª–µ–∂–Ω–æ—Å—Ç—ñ –≤—ñ–¥ —Ä—ñ–≤–Ω—è —à—É–º—É –Ω–∞ —Ä–æ–±–æ—á–æ–º—É –º—ñ—Å—Ü—ñ.

### –ú—ñ—Å—Ü–µ —Ä–æ–±–æ—Ç–∏
1. **–û—Ä–≥–∞–Ω—ñ–∑–∞—Ü—ñ—è —Ä–æ–±–æ—á–æ–≥–æ –º—ñ—Å—Ü—è**: –í–æ–Ω–æ –ø–æ–≤–∏–Ω–Ω–æ –±—É—Ç–∏ —á–∏—Å—Ç–∏–º, –¥–æ–±—Ä–µ –æ—Å–≤—ñ—Ç–ª–µ–Ω–∏–º —Ç–∞ –≤–µ–Ω—Ç–∏–ª—å–æ–≤–∞–Ω–∏–º.
2. **–ó–∞–±–µ–∑–ø–µ—á–µ–Ω–Ω—è –Ω–∞–ª–µ–∂–Ω–æ–≥–æ –≤–µ–Ω—Ç–∏–ª—è—Ü—ñ–π–Ω–æ–≥–æ –æ–±–ª–∞–¥–Ω–∞–Ω–Ω—è**: –í—ñ–¥–≤–µ–¥–µ–Ω–Ω—è –¥–∏–º—É —ñ –≥–∞–∑—ñ–≤, —â–æ —É—Ç–≤–æ—Ä—é—é—Ç—å—Å—è –ø—ñ–¥ —á–∞—Å –∑–≤–∞—Ä—é–≤–∞–Ω–Ω—è.
3. **–í—ñ–ª—å–Ω–∏–π –¥–æ—Å—Ç—É–ø –¥–æ –≤–æ–≥–Ω–µ–≥–∞—Å–Ω–∏–∫—ñ–≤**: –õ–µ–≥–∫—ñ—Å—Ç—å –¥–æ—Å—Ç—É–ø—É –≤ —Ä–∞–∑—ñ –≤–∏–Ω–∏–∫–Ω–µ–Ω–Ω—è –ø–æ–∂–µ–∂—ñ.

### –í–∏–∫–æ—Ä–∏—Å—Ç–∞–Ω–Ω—è –æ–±–ª–∞–¥–Ω–∞–Ω–Ω—è
1. **–ü–µ—Ä–µ–≤—ñ—Ä–∫–∞ –æ–±–ª–∞–¥–Ω–∞–Ω–Ω—è –ø–µ—Ä–µ–¥ –≤–∏–∫–æ—Ä–∏—Å—Ç–∞–Ω–Ω—è–º**: –£—Å—ñ –∑–≤–∞—Ä—é–≤–∞–ª—å–Ω—ñ –∞–ø–∞—Ä–∞—Ç–∏ —Ç–∞ —ñ–Ω—Å—Ç—Ä—É–º–µ–Ω—Ç–∏ –ø–æ–≤–∏–Ω–Ω—ñ –±—É—Ç–∏ –≤ —Å–ø—Ä–∞–≤–Ω–æ–º—É —Å—Ç–∞–Ω—ñ.
2. **–ó–∞–∑–µ–º–ª–µ–Ω–Ω—è –µ–ª–µ–∫—Ç—Ä–∏—á–Ω–∏—Ö –ø—Ä–∏—Å—Ç—Ä–æ—ó–≤**: –ó–∞–±–µ–∑–ø–µ—á–µ–Ω–Ω—è –±–µ–∑–ø–µ–∫–∏ –µ–ª–µ–∫—Ç—Ä–∏–∫–æ—é —à–ª—è—Ö–æ–º –∫–æ—Ä–µ–∫—Ç–Ω–æ–≥–æ –∑–∞–∑–µ–º–ª–µ–Ω–Ω—è.

### –ó–∞–≥–∞–ª—å–Ω—ñ –ø—Ä–∞–≤–∏–ª–∞ –±–µ–∑–ø–µ–∫–∏
1. **–ù–µ –∫—É—Ä–∏—Ç–∏**: –ö—É—Ä—ñ–Ω–Ω—è –∑–∞–±–æ—Ä–æ–Ω–µ–Ω–æ –ø—ñ–¥ —á–∞—Å –∑–≤–∞—Ä—é–≤–∞–Ω–Ω—è —á–µ—Ä–µ–∑ –≤–∏—Å–æ–∫–∏–π —Ä–∏–∑–∏–∫ –ø–æ–∂–µ–∂—ñ.
2. **–ó–Ω–∞–Ω–Ω—è –∑–∞—Ö–æ–¥—ñ–≤ –ø–µ—Ä—à–æ—ó –¥–æ–ø–æ–º–æ–≥–∏**: –ë–∞–∑–æ–≤—ñ –Ω–∞–≤–∏—á–∫–∏ –Ω–∞–¥–∞–Ω–Ω—è –ø–µ—Ä—à–æ—ó –¥–æ–ø–æ–º–æ–≥–∏ —É –≤–∏–ø–∞–¥–∫–∞—Ö –æ–ø—ñ–∫—ñ–≤.
3. **–†–µ–≥—É–ª—è—Ä–Ω—ñ –Ω–∞–≤—á–∞–Ω–Ω—è –∑ –±–µ–∑–ø–µ–∫–∏**: –ü–æ—Å—Ç—ñ–π–Ω–µ –æ–Ω–æ–≤–ª–µ–Ω–Ω—è –∑–Ω–∞–Ω—å —ñ –Ω–∞–≤–∏—á–æ–∫ –ø—Ä–∞—Ü—ñ–≤–Ω–∏–∫—ñ–≤.

–ó–≤–∞—Ä—é–≤–∞–Ω–Ω—è –≤–∏–º–∞–≥–∞—î –≤–∏—Å–æ–∫–æ–≥–æ —Ä—ñ–≤–Ω—è —É–≤–∞–≥–∏ –¥–æ –¥–µ—Ç–∞–ª–µ–π —Ç–∞ –∑–Ω–∞–Ω—å –∑ —Ç–µ—Ö–Ω—ñ–∫–∏ –±–µ–∑–ø–µ–∫–∏. –ó–¥–æ—Ä–æ–≤'—è —ñ –±–µ–∑–ø–µ–∫–∞ –∑–≤–∞—Ä—é–≤–∞–ª—å–Ω–∏–∫–∞ –º–∞—é—Ç—å –±—É—Ç–∏ –ø—Ä—ñ–æ—Ä–∏—Ç–µ—Ç–æ–º –Ω–∞ –∫–æ–∂–Ω–æ–º—É —Ä–æ–±–æ—á–æ–º—É –º—ñ—Å—Ü—ñ."
641269362,datsenkoigor,2025-04-18 12:04:46,26,text,question,–¥–∞–≤–∞–π –æ–±—â–∞—Ç—å—Å—è
641269362,datsenkoigor,2025-04-18 12:04:50,26,text,answer,"–ü—Ä–∏–≤—ñ—Ç! –ó–≤—ñ—Å–Ω–æ, –¥–∞–≤–∞–π –æ–±–≥–æ–≤–æ—Ä–∏–º–æ –≤—Å–µ, —â–æ —Ç–µ–±–µ —Ü—ñ–∫–∞–≤–∏—Ç—å –∑ –æ—Ö–æ—Ä–æ–Ω–∏ –ø—Ä–∞—Ü—ñ –∞–±–æ —ñ–Ω—à–∏—Ö —Ç–µ–º. –Ø —Ç—É—Ç, —â–æ–± –¥–æ–ø–æ–º–æ–≥—Ç–∏ —Ç–∞ –ø–æ–¥—ñ–ª–∏—Ç–∏—Å—è –∑–Ω–∞–Ω–Ω—è–º–∏! –Ø–∫–µ –ø–∏—Ç–∞–Ω–Ω—è —É —Ç–µ–±–µ –Ω–∞ —Ä–æ–∑—É–º—ñ?"
641269362,datsenkoigor,2025-04-18 12:09:50,28,text,question,–ø—Ä–∏–≤–µ—Ç
641269362,datsenkoigor,2025-04-18 12:09:53,28,text,answer,–ü—Ä–∏–≤—ñ—Ç! –ß–∏–º –º–æ–∂—É –¥–æ–ø–æ–º–æ–≥—Ç–∏ —Å—å–æ–≥–æ–¥–Ω—ñ?
641269362,datsenkoigor,2025-04-18 12:10:17,30,voice,question,—è —Ö–æ—á—É —á—Ç–æ–±—ã —Ç—ã –æ—Ç–≤–µ—á–∞–ª –Ω–∞ –º–æ–∏ –≤–æ–ø—Ä–æ—Å—ã –Ω–æ —Å–Ω–∞—á–∞–ª–∞ —Å–ø—Ä–æ—Å–∏–ª –∞–Ω–∫–µ—Ç–Ω—ã–µ –¥–∞–Ω–Ω—ã–µ –∫–∞–∫ –Ω–∞–ø–∏—Å–∞–Ω–æ –≤ –∫–æ–¥–µ
641269362,datsenkoigor,2025-04-18 12:10:27,30,voice,answer,"–ó–≤—ñ—Å–Ω–æ, —è –ø–æ—á–Ω—É –∑ –∞–Ω–∫–µ—Ç–Ω–∏—Ö –¥–∞–Ω–∏—Ö. –û—Å—å —è–∫—ñ –ø–∏—Ç–∞–Ω–Ω—è –º–µ–Ω—ñ –ø–æ—Ç—Ä—ñ–±–Ω–æ –∑–∞–¥–∞—Ç–∏:

1. **–Ü–º'—è:** –Ø–∫ –¥–æ –≤–∞—Å –∑–≤–µ—Ä—Ç–∞—Ç–∏—Å—è?
2. **–ü—Ä–æ—Ñ–µ—Å—ñ—è:** –í–∏ –∑–≤–∞—Ä—é–≤–∞–ª—å–Ω–∏–∫ —á–∏ —ñ–Ω—à–∞ —Å–ø–µ—Ü—ñ–∞–ª—å–Ω—ñ—Å—Ç—å?
3. **–î–æ—Å–≤—ñ–¥ —Ä–æ–±–æ—Ç–∏:** –°–∫—ñ–ª—å–∫–∏ —á–∞—Å—É –≤–∏ –ø—Ä–∞—Ü—é—î—Ç–µ —É –≤–∞—à—ñ–π –≥–∞–ª—É–∑—ñ?
4. **–°–ø–µ—Ü–∏—Ñ—ñ–∫–∞ —Ä–æ–±–æ—Ç–∏:** –ó —è–∫–∏–º–∏ –º–∞—Ç–µ—Ä—ñ–∞–ª–∞–º–∏ –∞–±–æ –æ–±–ª–∞–¥–Ω–∞–Ω–Ω—è–º –≤–∏ –∑–∞–∑–≤–∏—á–∞–π –ø—Ä–∞—Ü—é—î—Ç–µ?
5. **–û—Å–Ω–æ–≤–Ω—ñ –∑–æ–Ω–∏ –∑–∞—Ü—ñ–∫–∞–≤–ª–µ–Ω—å:** –©–æ —Å–∞–º–µ –≤–∞—Å —Ü—ñ–∫–∞–≤–∏—Ç—å —É —Å—Ñ–µ—Ä—ñ –æ—Ö–æ—Ä–æ–Ω–∏ –ø—Ä–∞—Ü—ñ?

–ü—ñ—Å–ª—è –∑–±–æ—Ä—É –¥–∞–Ω–∏—Ö —è –∑–º–æ–∂—É –∫—Ä–∞—â–µ –∑—Ä–æ–∑—É–º—ñ—Ç–∏ –≤–∞—à—ñ –ø–æ—Ç—Ä–µ–±–∏ —ñ –≤—ñ–¥–ø–æ–≤—ñ—Å—Ç–∏ –Ω–∞ –≤–∞—à—ñ –∑–∞–ø–∏—Ç–∞–Ω–Ω—è!"
641269362,datsenkoigor,2025-04-18 12:20:16,33,text,question,–ø—Ä–∏–≤–µ—Ç
641269362,datsenkoigor,2025-04-18 12:20:18,33,text,answer,–ü—Ä–∏–≤—ñ—Ç! –Ø–∫ —è –º–æ–∂—É –¥–æ–ø–æ–º–æ–≥—Ç–∏ —Ç–æ–±—ñ —Å—å–æ–≥–æ–¥–Ω—ñ?
641269362,datsenkoigor,2025-04-18 12:21:44,36,text,question,–ï–Ω
641269362,datsenkoigor,2025-04-18 12:21:47,36,text,answer,"–ü—Ä–∏–≤—ñ—Ç! –ó–¥–∞—î—Ç—å—Å—è, —Ç–∏ —Ö–æ—Ç—ñ–≤ —â–æ—Å—å –∑–∞–ø–∏—Ç–∞—Ç–∏, –∞–ª–µ –ø–æ–≤—ñ–¥–æ–º–ª–µ–Ω–Ω—è –≤–∏–π—à–ª–æ –Ω–µ–ø–æ–≤–Ω–∏–º. –ë—É–¥—å –ª–∞—Å–∫–∞, –Ω–∞–ø–∏—à–∏ —Å–≤–æ—î –ø–∏—Ç–∞–Ω–Ω—è –ø–æ–≤–Ω—ñ—Å—Ç—é, —ñ —è –∑ —Ä–∞–¥—ñ—Å—Ç—é –Ω–∞ –Ω—å–æ–≥–æ –≤—ñ–¥–ø–æ–≤—ñ–º!"
641269362,datsenkoigor,2025-04-18 12:41:18,59,text,question,—É–∫–º
641269362,datsenkoigor,2025-04-18 12:41:36,59,text,answer,"**–û—Ö–æ—Ä–æ–Ω–∞ –ø—Ä–∞—Ü—ñ –ø—Ä–∏ –≤–∏–∫–æ–Ω–∞–Ω–Ω—ñ –∑–≤–∞—Ä—é–≤–∞–ª—å–Ω–∏—Ö —Ä–æ–±—ñ—Ç** –ø–µ—Ä–µ–¥–±–∞—á–∞—î –∑–∞—Å—Ç–æ—Å—É–≤–∞–Ω–Ω—è –∑–∞—Å–æ–±—ñ–≤ —ñ–Ω–¥–∏–≤—ñ–¥—É–∞–ª—å–Ω–æ–≥–æ –∑–∞—Ö–∏—Å—Ç—É (–ó–Ü–ó). –û—Å—å –¥–µ—Ç–∞–ª—ñ —è–∫—ñ –ó–Ü–ó –Ω–µ–æ–±—Ö—ñ–¥–Ω–æ –≤–∏–∫–æ—Ä–∏—Å—Ç–æ–≤—É–≤–∞—Ç–∏:

1. **–ó–∞—Ö–∏—Å–Ω—ñ –æ–∫—É–ª—è—Ä–∏ –∞–±–æ —â–∏—Ç–æ–∫**:
   - –ó–∞—Ö–∏—â–∞—é—Ç—å –æ—á—ñ –≤—ñ–¥ —ñ—Å–∫—Ä, —É–ª—å—Ç—Ä–∞—Ñ—ñ–æ–ª–µ—Ç–æ–≤–æ–≥–æ —Ç–∞ —ñ–Ω—Ñ—Ä–∞—á–µ—Ä–≤–æ–Ω–æ–≥–æ –≤–∏–ø—Ä–æ–º—ñ–Ω—é–≤–∞–Ω—å.
   - –í–∏–∫–æ—Ä–∏—Å—Ç–∞–Ω–Ω—è —Å–≤—ñ—Ç–ª–æ—Ñ—ñ–ª—å—Ç—Ä–∞ –∞–¥–∞–ø—Ç–æ–≤–∞–Ω–æ–≥–æ –¥–æ —Ç–∏–ø—É –∑–≤–∞—Ä—é–≤–∞–Ω—å.

2. **–ó–∞—Ö–∏—Å–Ω–∏–π —à–æ–ª–æ–º**:
   - –ó–∞–±–µ–∑–ø–µ—á—É—î –∑–∞—Ö–∏—Å—Ç –≥–æ–ª–æ–≤–∏ –≤—ñ–¥ —É–¥–∞—Ä—ñ–≤ —Ç–∞ —É–ª—å—Ç—Ä–∞—Ñ—ñ–æ–ª–µ—Ç–æ–≤–æ–≥–æ –≤–∏–ø—Ä–æ–º—ñ–Ω—é–≤–∞–Ω–Ω—è.

3. **–†–µ—Å–ø—ñ—Ä–∞—Ç–æ—Ä**:
   - –ù–µ–æ–±—Ö—ñ–¥–Ω–∏–π –¥–ª—è –∑–∞—Ö–∏—Å—Ç—É –¥–∏—Ö–∞–ª—å–Ω–∏—Ö —à–ª—è—Ö—ñ–≤ –≤—ñ–¥ —à–∫—ñ–¥–ª–∏–≤–∏—Ö –≤–∏–ø–∞—Ä–æ–≤—É–≤–∞–Ω—å —ñ –¥–∏–º—ñ–≤, —è–∫—ñ —É—Ç–≤–æ—Ä—é—é—Ç—å—Å—è –ø—ñ–¥ —á–∞—Å –∑–≤–∞—Ä—é–≤–∞–Ω–Ω—è.

4. **–ó–∞—Ö–∏—Å–Ω–∏–π –æ–¥—è–≥**:
   - –í–æ–≥–Ω–µ—Ç—Ä–∏–≤–∫–∏–π –∫–æ—Å—Ç—é–º, —â–æ –ø—Ä–∏–∫—Ä–∏–≤–∞—î —Ç—ñ–ª–æ –≤—ñ–¥ —ñ—Å–∫—Ä —Ç–∞ –≥–∞—Ä—è—á–æ–≥–æ –º–µ—Ç–∞–ª—É.
   - –ê–Ω—Ç–∏—Å—Ç–∞—Ç–∏—á–Ω—ñ –≤–ª–∞—Å—Ç–∏–≤–æ—Å—Ç—ñ –¥–ª—è –∑–∞–ø–æ–±—ñ–≥–∞–Ω–Ω—è —É—Ç–≤–æ—Ä–µ–Ω–Ω—è —ñ—Å–∫–æ—Ä.

5. **–ó–∞—Ö–∏—Å–Ω—ñ —Ä—É–∫–∞–≤–∏—Ü—ñ**:
   - –ú–∞—é—Ç—å –±—É—Ç–∏ –∑ –≤–æ–≥–Ω–µ—Ç—Ä–∏–≤–∫–æ–≥–æ –º–∞—Ç–µ—Ä—ñ–∞–ª—É, —â–æ–± –∑–∞—Ö–∏—â–∞—Ç–∏ —Ä—É–∫–∏ –≤—ñ–¥ –æ–ø—ñ–∫—ñ–≤ —ñ –º–µ—Ö–∞–Ω—ñ—á–Ω–∏—Ö –ø–æ—à–∫–æ–¥–∂–µ–Ω—å.

6. **–ó–∞—Ö–∏—Å–Ω–µ –≤–∑—É—Ç—Ç—è**:
   - –ê–Ω—Ç–∏–ø—Ä–æ–∫–æ–ª—å–Ω–∞ –ø—ñ–¥–æ—à–≤–∞ —Ç–∞ –≤–æ–≥–Ω–µ—Ç—Ä–∏–≤–∫–∞ —à–∫—ñ—Ä–∞ –¥–ª—è –∑–∞—Ö–∏—Å—Ç—É –≤—ñ–¥ –≥–∞—Ä—è—á–∏—Ö —ñ—Å–∫—Ä —Ç–∞ –º–µ—Ç–∞–ª—É.

–í–∞–∂–ª–∏–≤–æ:
- –ö–æ–∂–µ–Ω –ó–Ü–ó –º–∞—î –±—É—Ç–∏ —Å–µ—Ä—Ç–∏—Ñ—ñ–∫–æ–≤–∞–Ω–∏–º —ñ –≤—ñ–¥–ø–æ–≤—ñ–¥–∞—Ç–∏ —Å—Ç–∞–Ω–¥–∞—Ä—Ç–∞–º –±–µ–∑–ø–µ–∫–∏.
- –†–µ–≥—É–ª—è—Ä–Ω–æ –ø–µ—Ä–µ–≤—ñ—Ä—è—Ç–∏ —Å—Ç–∞–Ω –ó–Ü–ó —ñ –∑–∞–º—ñ–Ω—é–≤–∞—Ç–∏ —ó—Ö –ø—Ä–∏ –≤–∏—è–≤–ª–µ–Ω–Ω—ñ –¥–µ—Ñ–µ–∫—Ç—ñ–≤."
641269362,datsenkoigor,2025-04-18 12:42:19,61,text,question,–∫—É–∫—É
641269362,datsenkoigor,2025-04-18 12:42:24,61,text,answer,"–ü—Ä–∏–≤—ñ—Ç! –ó–¥–∞—î—Ç—å—Å—è, —Ç–∏ —Ö–æ—Ç—ñ–≤ —â–æ—Å—å –∑–∞–ø–∏—Ç–∞—Ç–∏, –∞–ª–µ –ø–æ–≤—ñ–¥–æ–º–ª–µ–Ω–Ω—è –≤–∏–π—à–ª–æ —Ç—Ä–æ—Ö–∏ –Ω–µ–∑—Ä–æ–∑—É–º—ñ–ª–∏–º. –ù–µ —Ö–≤–∏–ª—é–π—Å—è, –Ω–∞–ø–∏—à–∏, –±—É–¥—å –ª–∞—Å–∫–∞, —Å–≤–æ—î –ø–∏—Ç–∞–Ω–Ω—è —â–µ —Ä–∞–∑, —ñ —è –∑ —Ä–∞–¥—ñ—Å—Ç—é –¥–æ–ø–æ–º–æ–∂—É —Ç–æ–±—ñ –∑ –≤—ñ–¥–ø–æ–≤—ñ–¥–¥—é. –ß–µ–∫–∞—é –Ω–∞ —Ç–≤–æ—î –ø–æ–≤—ñ–¥–æ–º–ª–µ–Ω–Ω—è!"
641269362,datsenkoigor,2025-04-18 12:46:06,69,text,question,–Ü–≥–æ—Ä
641269362,datsenkoigor,2025-04-18 12:46:12,69,text,answer,"–ü—Ä–∏–≤—ñ—Ç, –Ü–≥–æ—Ä–µ!

–Ø–∫—â–æ —É —Ç–µ–±–µ —î –ø–∏—Ç–∞–Ω–Ω—è –ø—Ä–æ **–æ—Ö–æ—Ä–æ–Ω—É –ø—Ä–∞—Ü—ñ –∑–≤–∞—Ä—é–≤–∞–ª—å–Ω–∏–∫—ñ–≤** –∞–±–æ –ø—Ä–æ **–≤–∏–∫–æ—Ä–∏—Å—Ç–∞–Ω–Ω—è –∑–∞—Å–æ–±—ñ–≤ —ñ–Ω–¥–∏–≤—ñ–¥—É–∞–ª—å–Ω–æ–≥–æ –∑–∞—Ö–∏—Å—Ç—É (–ó–Ü–ó)**, —Ç–∏ —Ç–æ—á–Ω–æ –∑–≤–µ—Ä–Ω—É–≤—Å—è –∑–∞ –∞–¥—Ä–µ—Å–æ—é! –©–æ —Å–∞–º–µ —Ç–µ–±–µ —Ü—ñ–∫–∞–≤–∏—Ç—å? –Ø–∫—ñ —î –≤–∏–∫–ª–∏–∫–∏ –Ω–∞ —Ä–æ–±–æ—á–æ–º—É –º—ñ—Å—Ü—ñ –∞–±–æ —è–∫ –ø—Ä–∞–≤–∏–ª—å–Ω–æ –æ–±–∏—Ä–∞—Ç–∏ —ñ –≤–∏–∫–æ—Ä–∏—Å—Ç–æ–≤—É–≤–∞—Ç–∏ –ó–Ü–ó? –î–∞–π –∑–Ω–∞—Ç–∏, —ñ —è –∑ —Ä–∞–¥—ñ—Å—Ç—é –¥–æ–ø–æ–º–æ–∂—É —Ç–æ–±—ñ –∑–Ω–∞–π—Ç–∏ –Ω–∞–π–∫—Ä–∞—â—ñ —Ä—ñ—à–µ–Ω–Ω—è."
641269362,datsenkoigor,2025-04-18 13:15:12,71,text,question,–ø—Ä–∏–≤—ñ—Ç!
641269362,datsenkoigor,2025-04-18 13:15:13,71,text,answer,"–ü—Ä–∏–≤—ñ—Ç! üëã  
–ó —Ä–∞–¥—ñ—Å—Ç—é –¥–æ–ø–æ–º–æ–∂—É —Ç–æ–±—ñ –∑ —É—Å—ñ–º–∞ –ø–∏—Ç–∞–Ω–Ω—è–º–∏ —â–æ–¥–æ –æ—Ö–æ—Ä–æ–Ω–∏ –ø—Ä–∞—Ü—ñ –∑–≤–∞—Ä—é–≤–∞–ª—å–Ω–∏–∫—ñ–≤ —Ç–∞ –±–µ–∑–ø–µ–∫–∏ –Ω–∞ —Ä–æ–±–æ—á–æ–º—É –º—ñ—Å—Ü—ñ. –ü–∏—Ç–∞–π —É—Å–µ, —â–æ —Ü—ñ–∫–∞–≤–∏—Ç—å ‚Äì –ø–æ—è—Å–Ω—é –ø—Ä–æ—Å—Ç–æ —ñ –ø–æ —Å—É—Ç—ñ!"
641269362,datsenkoigor,2025-04-18 13:15:40,73,text,question,—è–∫—ñ –∫—É—Ä—Å–∏ –ø–æ–≤–∏–Ω–µ–Ω –ø—Ä–æ–π—Ç–∏ –∑–≤–∞—Ä—é–≤–∞–ª—å–Ω–∏–π –¥–ª—è –æ—Ç—Ä–∏–º–∞–Ω–Ω—è –≤–∏—â–æ–≥–æ —Ä–∞–∑—Ä—è–¥—É?
641269362,datsenkoigor,2025-04-18 13:15:51,73,text,answer,"–©–æ–± –∑–≤–∞—Ä—é–≤–∞–ª—å–Ω–∏–∫ –æ—Ç—Ä–∏–º–∞–≤ **–≤–∏—â–∏–π —Ä–æ–∑—Ä—è–¥**, –æ–±–æ–≤‚Äô—è–∑–∫–æ–≤–æ —Ç—Ä–µ–±–∞ –ø—Ä–æ–π—Ç–∏ —Ç–∞–∫—ñ –∫—É—Ä—Å–∏ —Ç–∞ –Ω–∞–≤—á–∞–Ω–Ω—è:

1. **–ü—Ä–æ—Ñ–µ—Å—ñ–π–Ω–µ –Ω–∞–≤—á–∞–Ω–Ω—è**  
   - –ö—É—Ä—Å –ø—ñ–¥–≤–∏—â–µ–Ω–Ω—è –∫–≤–∞–ª—ñ—Ñ—ñ–∫–∞—Ü—ñ—ó –∑–≤–∞—Ä—é–≤–∞–ª—å–Ω–∏–∫–∞ (–≤—ñ–¥–ø–æ–≤—ñ–¥–Ω–æ –¥–æ –î–µ—Ä–∂–∞–≤–Ω–æ–≥–æ —Å—Ç–∞–Ω–¥–∞—Ä—Ç—É –ø—Ä–æ—Ñ–µ—Å—ñ–π–Ω–æ-—Ç–µ—Ö–Ω—ñ—á–Ω–æ—ó –æ—Å–≤—ñ—Ç–∏).
   - –ü—Ä–æ–≥—Ä–∞–º–∞ –æ—Ö–æ–ø–ª—é—î –Ω–æ–≤—ñ —Ç–µ—Ö–Ω–æ–ª–æ–≥—ñ—ó –∑–≤–∞—Ä—é–≤–∞–Ω–Ω—è, —Å–∫–ª–∞–¥–Ω—ñ —Ç–µ—Ö–Ω—ñ–∫–∏, —á–∏—Ç–∞–Ω–Ω—è –∫—Ä–µ—Å–ª–µ–Ω—å —ñ –∫–æ–Ω—Ç—Ä–æ–ª—å —è–∫–æ—Å—Ç—ñ —à–≤—ñ–≤.

2. **–û—Ö–æ—Ä–æ–Ω–∞ –ø—Ä–∞—Ü—ñ —Ç–∞ –ø–æ–∂–µ–∂–Ω–∞ –±–µ–∑–ø–µ–∫–∞**  
   - –ö—É—Ä—Å ""–û—Ö–æ—Ä–æ–Ω–∞ –ø—Ä–∞—Ü—ñ –ø—Ä–∏ –∑–≤–∞—Ä—é–≤–∞–ª—å–Ω–∏—Ö —Ä–æ–±–æ—Ç–∞—Ö"" (–∑–∞—Ç–≤–µ—Ä–¥–∂–µ–Ω–∏–π –ú—ñ–Ω—Å–æ—Ü–ø–æ–ª—ñ—Ç–∏–∫–∏).
   - –ö—É—Ä—Å–∏ –∞–±–æ —ñ–Ω—Å—Ç—Ä—É–∫—Ç–∞–∂—ñ –∑ –ø–æ–∂–µ–∂–Ω–æ—ó –±–µ–∑–ø–µ–∫–∏ (–∑ –ø–µ—Ä–µ–≤—ñ—Ä–∫–æ—é –∑–Ω–∞–Ω—å —Ç–∞ –ø—Ä–æ—Ç–æ–∫–æ–ª–æ–º), –º—ñ–Ω—ñ–º—É–º ‚Äì —Ä–∞–∑ –Ω–∞ —Ä—ñ–∫.

3. **–ü—Ä–∞–≤–∏–ª–∞ —Ç–µ—Ö–Ω—ñ–∫–∏ –±–µ–∑–ø–µ–∫–∏**  
   - –í–∏–≤—á–µ–Ω–Ω—è –ø—Ä–∞–≤–∏–ª –∑ —Ç–µ—Ö–Ω—ñ–∫–∏ –±–µ–∑–ø–µ–∫–∏ –ø—Ä–∏ –∑–≤–∞—Ä—é–≤–∞–Ω–Ω—ñ (–ø–æ –ù–∞–∫–∞–∑—É –ú–ù–° –£–∫—Ä–∞—ó–Ω–∏ ‚Ññ1425, –ì–û–°–¢ 12.3.003-86).
   - –ü–µ—Ä–≤–∏–Ω–Ω–∏–π, –ø–æ–≤—Ç–æ—Ä–Ω–∏–π, –ø–æ–∑–∞–ø–ª–∞–Ω–æ–≤–∏–π —ñ–Ω—Å—Ç—Ä—É–∫—Ç–∞–∂—ñ –Ω–∞ —Ä–æ–±–æ—á–æ–º—É –º—ñ—Å—Ü—ñ.

4. **–°–∫–ª–∞–¥–∞–Ω–Ω—è —ñ—Å–ø–∏—Ç—ñ–≤**  
   - –¢–µ–æ—Ä–µ—Ç–∏—á–Ω–∏–π —ñ –ø—Ä–∞–∫—Ç–∏—á–Ω–∏–π —ñ—Å–ø–∏—Ç –∫–æ–º—ñ—Å—ñ—ó –ø—ñ–¥–ø—Ä–∏—î–º—Å—Ç–≤–∞ —á–∏ –Ω–∞–≤—á–∞–ª—å–Ω–æ–≥–æ —Ü–µ–Ω—Ç—Ä—É.
   - –û—Ü—ñ–Ω—é—é—Ç—å: —è–∫—ñ—Å—Ç—å —à–≤–∞, –≤–æ–ª–æ–¥—ñ–Ω–Ω—è —Ç–µ—Ö–Ω—ñ–∫–æ—é, –∑–Ω–∞–Ω–Ω—è –ø—Ä–∞–≤–∏–ª –±–µ–∑–ø–µ–∫–∏.

5. **–ú–µ–¥–∏—á–Ω–∏–π –æ–≥–ª—è–¥**  
   - –ü—Ä–æ—Ö–æ–¥–∂–µ–Ω–Ω—è –º–µ–¥–∏—á–Ω–æ–≥–æ –æ–≥–ª—è–¥—É ‚Äì –æ–±–æ–≤‚Äô—è–∑–∫–æ–≤–æ –ø–µ—Ä–µ–¥ –¥–æ–ø—É—Å–∫–æ–º –¥–æ —Ä–æ–±–æ—Ç–∏ —ñ –ø–µ—Ä—ñ–æ–¥–∏—á–Ω–æ (–Ω–µ —Ä—ñ–¥—à–µ 1 —Ä–∞–∑—É –Ω–∞ —Ä—ñ–∫).

**–ü–∞–º‚Äô—è—Ç–∞–π:**  
–¢—ñ–ª—å–∫–∏ –ø—ñ—Å–ª—è –ø—ñ–¥—Ç–≤–µ—Ä–¥–∂–µ–Ω–Ω—è –∑–Ω–∞–Ω—å —ñ –Ω–∞–≤–∏—á–æ–∫, –∑–≤–∞—Ä—é–≤–∞–ª—å–Ω–∏–∫—É –ø—Ä–∏—Å–≤–æ—é—é—Ç—å **–≤–∏—â–∏–π —Ä–æ–∑—Ä—è–¥** (–∑–∞–ø–∏—Å —É –ø–æ—Å–≤—ñ–¥—á–µ–Ω–Ω—ñ –∑–≤–∞—Ä—é–≤–∞–ª—å–Ω–∏–∫–∞).

---

**–¢–µ–∫—Å—Ç–æ–≤–∞ —Å—Ö–µ–º–∞ –¥–ª—è –º–∞–ª—é–Ω–∫–∞ ""–®–ª—è—Ö –∑–≤–∞—Ä—é–≤–∞–ª—å–Ω–∏–∫–∞ –¥–æ –≤–∏—â–æ–≥–æ —Ä–æ–∑—Ä—è–¥—É"":**

1. –ö–æ–ª—å–æ—Ä–æ–≤–∏–π —Å—Ö–æ–¥–∏–Ω–∫–∏/–ø–ª–∞—Ç—Ñ–æ—Ä–º–∏ ‚Äì –∫–æ–∂–Ω–∞ –ø–æ–∑–Ω–∞—á–∞—î –µ—Ç–∞–ø:
    - –ë–∞–∑–æ–≤–∞ –æ—Å–≤—ñ—Ç–∞ ‚Üí –ö—É—Ä—Å –ø—ñ–¥–≤–∏—â–µ–Ω–Ω—è –∫–≤–∞–ª—ñ—Ñ—ñ–∫–∞—Ü—ñ—ó ‚Üí –û—Ö–æ—Ä–æ–Ω–∞ –ø—Ä–∞—Ü—ñ ‚Üí –Ü–Ω—Å—Ç—Ä—É–∫—Ç–∞–∂ —ñ –ø–æ–∂–µ–∂–Ω–∞ –±–µ–∑–ø–µ–∫–∞ ‚Üí –ú–µ–¥–æ–≥–ª—è–¥ ‚Üí –Ü—Å–ø–∏—Ç–∏ ‚Üí –í–∏—â–∏–π —Ä–æ–∑—Ä—è–¥ (–∑—ñ—Ä–æ—á–∫–∞, –±–µ–π–¥–∂, –ø–æ—Å–≤—ñ–¥—á–µ–Ω–Ω—è)
2. –ë—ñ–ª—è –∫–æ–∂–Ω–æ—ó —Å—Ö–æ–¥–∏–Ω–∫–∏ ‚Äì –ø—ñ–∫—Ç–æ–≥—Ä–∞–º–∞: –∫–Ω–∏–≥–∞, –∫–∞—Å–∫–∞, –≤–æ–≥–Ω–µ–≥–∞—Å–Ω–∏–∫, –ª—ñ–∫–∞—Ä, —Ç–µ—Å—Ç.
3. –°—Ç—Ä—ñ–ª–∫–∞–º–∏ –ø–æ–∫–∞–∑–∞–Ω–æ —à–ª—è—Ö –ø–æ—Å–ª—ñ–¥–æ–≤–Ω–æ –∑–≤–µ—Ä—Ö—É –≤–Ω–∏–∑.

–ú–∞–ª—é–Ω–æ–∫ –±—É–¥–µ –ø—Ä–æ—Å—Ç–∏–π —Ç–∞ –∑—Ä–æ–∑—É–º—ñ–ª–∏–π –∫–æ–∂–Ω–æ–º—É ‚Äì –≤—ñ–∑—É–∞–ª—ñ–∑—É—î —Ç–≤—ñ–π —à–ª—è—Ö –¥–æ –∑–≤–∞—Ä—é–≤–∞–ª—å–Ω–æ–≥–æ –û–ª—ñ–º–ø—É!"
641269362,datsenkoigor,2025-04-18 13:17:23,75,text,question,–∞ —è–∫—ñ –∑–∞—Å–æ–±–∏ –±–µ–∑–ø–µ–∫–∏ –ø–æ–≤–∏–Ω–µ–Ω –∑ —Å–æ–±–æ—é –º–∞—Ç–∏ –∑–≤–∞—Ä—é–≤–∞–ª—å–Ω–∏–∫?
641269362,datsenkoigor,2025-04-18 13:17:34,75,text,answer,"–û, –∫–ª–∞—Å–Ω–µ –ø–∏—Ç–∞–Ω–Ω—è! –î–∞–≤–∞–π —Å—Ç–∏—Å–ª–æ —Ç–∞ –ø–æ –ø—É–Ω–∫—Ç–∞—Ö ‚Äì —â–æ –∑–≤–∞—Ä—é–≤–∞–ª—å–Ω–∏–∫ –æ–±–æ–≤‚Äô—è–∑–∫–æ–≤–æ –º–∞—î –º–∞—Ç–∏ –∑ —Å–æ–±–æ—é –¥–ª—è –±–µ–∑–ø–µ—á–Ω–æ—ó —Ä–æ–±–æ—Ç–∏:

**1. –ó–∞—Å–æ–±–∏ —ñ–Ω–¥–∏–≤—ñ–¥—É–∞–ª—å–Ω–æ–≥–æ –∑–∞—Ö–∏—Å—Ç—É**  
- **–ó–∞—Ö–∏—Å–Ω–∏–π –∑–≤–∞—Ä—é–≤–∞–ª—å–Ω–∏–π —â–∏—Ç–æ–∫ –∞–±–æ –º–∞—Å–∫–∞** ‚Äì –æ–±–æ–≤'—è–∑–∫–æ–≤–æ –∑ —è–∫—ñ—Å–Ω–∏–º —Å–≤—ñ—Ç–ª–æ—Ñ—ñ–ª—å—Ç—Ä–æ–º.  
- **–ó–∞—Ö–∏—Å–Ω–∏–π –æ–¥—è–≥** ‚Äì —Ä–æ–±–æ—á–∏–π –∫–æ—Å—Ç—é–º –∑ –±—Ä–µ–∑–µ–Ω—Ç—É –∞–±–æ —Å–ø–µ—Ü—ñ–∞–ª—å–Ω–æ—ó —Ç–∫–∞–Ω–∏–Ω–∏, —è–∫–∞ –Ω–µ –≥–æ—Ä–∏—Ç—å (–±–∞–≤–æ–≤–Ω–∞ —á–∏ —à–∫—ñ—Ä–∞).  
- **–ó–≤–∞—Ä—é–≤–∞–ª—å–Ω—ñ —Ä—É–∫–∞–≤–∏—Ü—ñ/—Ä—É–∫–∞–≤–∏—á–∫–∏** ‚Äì —Ç—ñ–ª—å–∫–∏ –∑ —â—ñ–ª—å–Ω–æ—ó —à–∫—ñ—Ä–∏.  
- **–ó–∞—Ö–∏—Å–Ω–µ –≤–∑—É—Ç—Ç—è** ‚Äì —à–∫—ñ—Ä—è–Ω—ñ —á–µ—Ä–µ–≤–∏–∫–∏ –Ω–∞ —Ç–æ–≤—Å—Ç—ñ–π –ø—ñ–¥–æ—à–≤—ñ; –±–µ–∑ —à–Ω—É—Ä–∫—ñ–≤, —è–∫—ñ –º–æ–∂—É—Ç—å –∑–∞–≥–æ—Ä—ñ—Ç–∏—Å—å.  
- **–ë–∞–ª–∞–∫–ª–∞–≤–∞, –ø—ñ–¥—à–æ–ª–æ–º–Ω–∏–∫** ‚Äì –¥–ª—è –∑–∞—Ö–∏—Å—Ç—É —à–∏—ó –π –≥–æ–ª–æ–≤–∏ –≤—ñ–¥ —ñ—Å–∫—Ä —Ç–∞ —à–ª–∞–∫—É.  
- **–û–∫—É–ª—è—Ä–∏** ‚Äì –¥–ª—è —à–ª—ñ—Ñ—É–≤–∞–ª—å–Ω–∏—Ö —Ä–æ–±—ñ—Ç, —â–æ–± –∑–∞—Ö–∏—Å—Ç–∏—Ç–∏ –æ—á—ñ –≤—ñ–¥ –¥—Ä—ñ–±–Ω–∏—Ö —á–∞—Å—Ç–∏–Ω–æ–∫.  
- **–†–µ—Å–ø—ñ—Ä–∞—Ç–æ—Ä –∞–±–æ –º–∞—Å–∫–∞** ‚Äì –æ—Å–æ–±–ª–∏–≤–æ —É –∑–∞–∫—Ä–∏—Ç–∏—Ö –ø—Ä–∏–º—ñ—â–µ–Ω–Ω—è—Ö —Ç–∞ –ø—Ä–∏ —Ä–æ–±–æ—Ç—ñ –∑ —à–∫—ñ–¥–ª–∏–≤–∏–º–∏ –º–∞—Ç–µ—Ä—ñ–∞–ª–∞–º–∏.  
- **–ë–µ—Ä—É—à—ñ –∞–±–æ –Ω–∞–≤—É—à–Ω–∏–∫–∏** ‚Äì —è–∫—â–æ –ø—Ä–∞—Ü—é—î—à —É —à—É–º–Ω–æ–º—É —Ü–µ—Ö—É.

**2. –ó–∞—Å–æ–±–∏ –∑–∞—Ö–∏—Å—Ç—É –≤—ñ–¥ —É—Ä–∞–∂–µ–Ω–Ω—è –µ–ª–µ–∫—Ç—Ä–∏—á–Ω–∏–º —Å—Ç—Ä—É–º–æ–º**  
- **–î—ñ–µ–ª–µ–∫—Ç—Ä–∏—á–Ω—ñ —Ä—É–∫–∞–≤–∏—á–∫–∏** ‚Äì –ø—Ä–∏ —Ä–æ–±–æ—Ç—ñ –∑ –µ–ª–µ–∫—Ç—Ä–∏—á–Ω–∏–º–∏ —á–∞—Å—Ç–∏–Ω–∞–º–∏.  
- **–ì—É–º–æ–≤—ñ –¥—ñ–µ–ª–µ–∫—Ç—Ä–∏—á–Ω—ñ –∫–∞–ª–æ—à—ñ** ‚Äì –æ—Å–æ–±–ª–∏–≤–æ –∫–æ–ª–∏ –ø—ñ–¥–ª–æ–≥–∞ —Å–∏—Ä–∞ –∞–±–æ –ø—Ä–æ–≤–æ–¥–∏—Ç—å—Å—è —Ä–æ–±–æ—Ç–∞ —É —Ä–µ–∑–µ—Ä–≤—É–∞—Ä–∞—Ö.

**3. –î–æ–¥–∞—Ç–∫–æ–≤–µ: –Ω–µ–æ–±—Ö—ñ–¥–Ω–µ –¥–ª—è –æ–∫—Ä–µ–º–∏—Ö —Å–∏—Ç—É–∞—Ü—ñ–π**  
- **–°—Ç—Ä–∞—Ö—É–≤–∞–ª—å–Ω–∏–π –ø–æ—è—Å —ñ–∑ –∫–∞–Ω–∞—Ç–æ–º** ‚Äì –ø—Ä–∏ –≤–∏–∫–æ–Ω–∞–Ω–Ω—ñ —Ä–æ–±—ñ—Ç –Ω–∞ –≤–∏—Å–æ—Ç—ñ –∞–±–æ –≤ –∑–∞–º–∫–Ω—É—Ç–∏—Ö –ø—Ä–æ—Å—Ç–æ—Ä–∞—Ö.  
- **–ó–∞—Å–æ–±–∏ –¥–ª—è –Ω–∞–¥–∞–Ω–Ω—è –ø–µ—Ä—à–æ—ó –¥–æ–ø–æ–º–æ–≥–∏** (–ø–µ—Ä–µ–≤'—è–∑—É–≤–∞–ª—å–Ω–∏–π –ø–∞–∫–µ—Ç, –ø–ª–∞—Å—Ç–∏—Ä) ‚Äì —Ç—Ä–∏–º–∞—Ç–∏ –ø–æ—Ä—è–¥ –Ω–∞ —Ä–æ–±–æ—á–æ–º—É –º—ñ—Å—Ü—ñ.

---

### –¢–µ–∫—Å—Ç–æ–≤–∏–π –æ–ø–∏—Å —Å—Ö–µ–º–∏ –¥–ª—è –º–∞–ª—é–Ω–∫–∞:

**–£ —Ü–µ–Ω—Ç—Ä—ñ ‚Äì —Ñ—ñ–≥—É—Ä–∞ –∑–≤–∞—Ä—é–≤–∞–ª—å–Ω–∏–∫–∞. –í—ñ–¥ –∫–æ–∂–Ω–æ—ó —á–∞—Å—Ç–∏–Ω–∏ —Ç—ñ–ª–∞ —Å—Ç—Ä—ñ–ª–∫–∏ –ø–æ–∫–∞–∑—É—é—Ç—å, —è–∫–µ –°–Ü–ó –ø–æ—Ç—Ä—ñ–±–Ω–µ:**

- **–ì–æ–ª–æ–≤–∞**: –∑–≤–∞—Ä—é–≤–∞–ª—å–Ω–∏–π —â–∏—Ç–æ–∫ (–º–∞—Å–∫–∞), –±–∞–ª–∞–∫–ª–∞–≤–∞.
- **–û—á—ñ**: –∑–∞—Ö–∏—Å–Ω—ñ –æ–∫—É–ª—è—Ä–∏/—Ñ—ñ–ª—å—Ç—Ä.
- **–ù—ñ—Å/—Ä–æ—Ç**: —Ä–µ—Å–ø—ñ—Ä–∞—Ç–æ—Ä/–º–∞—Å–∫–∞.
- **–¢—ñ–ª–æ**: –≤–æ–≥–Ω–µ—Å—Ç—ñ–π–∫–∏–π –∫–æ—Å—Ç—é–º (–±—Ä–µ–∑–µ–Ω—Ç–æ–≤–∏–π).
- **–†—É–∫–∏**: —à–∫—ñ—Ä—è–Ω—ñ —Ä—É–∫–∞–≤–∏—Ü—ñ, –¥—ñ–µ–ª–µ–∫—Ç—Ä–∏—á–Ω—ñ —Ä—É–∫–∞–≤–∏—á–∫–∏ (–ø—Ä–∏ –ø–æ—Ç—Ä–µ–±—ñ).
- **–ù–æ–≥–∏**: —Å–ø–µ—Ü—ñ–∞–ª—å–Ω–µ –≤–∑—É—Ç—Ç—è, –¥—ñ–µ–ª–µ–∫—Ç—Ä–∏—á–Ω—ñ –∫–∞–ª–æ—à—ñ (—è–∫—â–æ —Ç—Ä–µ–±–∞).
- **–ü–æ—è—Å**: —Å—Ç—Ä–∞—Ö—É–≤–∞–ª—å–Ω–∏–π –ø–æ—è—Å –∑ –∫–∞—Ä–∞–±—ñ–Ω–æ–º (–ø—Ä–∏ –≤–∏—Å–æ—Ç–Ω–∏—Ö/–∑–∞–º–∫–Ω—É—Ç–∏—Ö —Ä–æ–±–æ—Ç–∞—Ö).

**–ü—ñ–¥–ø–∏—Å:**  
¬´–í—Å–µ —Ü–µ ‚Äì –º—ñ–Ω—ñ–º–∞–ª—å–Ω–∏–π –Ω–∞–±—ñ—Ä –±–µ–∑–ø–µ–∫–∏! –ù–µ –µ–∫–æ–Ω–æ–º –Ω–∞ –∑–∞—Ö–∏—Å—Ç—ñ ‚Äì –¥–æ–¥–æ–º—É —Ç—Ä–µ–±–∞ –ø–æ–≤–µ—Ä–Ω—É—Ç–∏—Å—è —Ü—ñ–ª–∏–º ;)¬ª

–Ø–∫—â–æ —î —è–∫—ñ—Å—å –æ—Å–æ–±–ª–∏–≤—ñ —É–º–æ–≤–∏ ‚Äì –¥–∞–π –∑–Ω–∞—Ç–∏, –ø–æ—Ä–∞–¥–∂—É —â–µ –¥–µ—Ç–∞–ª—å–Ω—ñ—à–µ!"
641269362,datsenkoigor,2025-04-18 13:24:21,77,text,question,ghbdsn
641269362,datsenkoigor,2025-04-18 13:24:36,77,text,answer,"–ü—Ä–∏–≤—ñ—Ç! –û—Å—å —Å—Ç–∏—Å–ª–∏–π —ñ —á—ñ—Ç–∫–∏–π –æ–≥–ª—è–¥ –ø—Ä–∞–≤–∏–ª—å–Ω–æ—ó –æ—Ä–≥–∞–Ω—ñ–∑–∞—Ü—ñ—ó –∑–±–µ—Ä—ñ–≥–∞–Ω–Ω—è –±–∞–ª–æ–Ω—ñ–≤ –∑ –≥–∞–∑–∞–º–∏ —Ç–∞ —Ö—ñ–º—ñ—á–Ω–∏—Ö —Ä–µ—á–æ–≤–∏–Ω –ø—ñ–¥ —á–∞—Å –∑–≤–∞—Ä—é–≤–∞–ª—å–Ω–∏—Ö —Ä–æ–±—ñ—Ç. –¶—è —ñ–Ω—Ñ–æ—Ä–º–∞—Ü—ñ—è –¥–æ–ø–æ–º–æ–∂–µ –ø—Ä–∞—Ü—é–≤–∞—Ç–∏ –±–µ–∑–ø–µ—á–Ω–æ —ñ —É–Ω–∏–∫–Ω—É—Ç–∏ –∞–≤–∞—Ä—ñ–π.

---

### 1. **–ó–±–µ—Ä—ñ–≥–∞–Ω–Ω—è –±–∞–ª–æ–Ω—ñ–≤ –∑ –≥–∞–∑–∞–º–∏**

- **–ú—ñ—Å—Ü—è –∑–±–µ—Ä—ñ–≥–∞–Ω–Ω—è:**
  - –£ —Å–ø–µ—Ü—ñ–∞–ª—å–Ω–∏—Ö —Å–∫–ª–∞–¥–∞—Ö –∞–±–æ –Ω–∞ –º–∞–π–¥–∞–Ω—á–∏–∫–∞—Ö, –∑–∞—Ö–∏—â–µ–Ω–∏—Ö –≤—ñ–¥ —Å–æ–Ω—Ü—è —Ç–∞ –æ–ø–∞–¥—ñ–≤ (–∫—Ä—ñ–º –æ—Ç—Ä—É–π–Ω–∏—Ö –≥–∞–∑—ñ–≤).
  - ok—Ä–µ–º–æ –±–∞–ª–æ–Ω–∏ –∑ –∫–∏—Å–Ω–µ–º —ñ –≥–æ—Ä—é—á–∏–º–∏ –≥–∞–∑–∞–º–∏.
  
- **–†–æ–∑—Ç–∞—à—É–≤–∞–Ω–Ω—è:**
  - –í—ñ–¥ –æ–ø–∞–ª—é–≤–∞–ª—å–Ω–∏—Ö –ø—Ä–∏–ª–∞–¥—ñ–≤ —ñ –ø–µ—á–µ–π ‚Äì –Ω–µ –±–ª–∏–∂—á–µ 1 –º.
  - –í—ñ–¥ –≤—ñ–¥–∫—Ä–∏—Ç–æ–≥–æ –≤–æ–≥–Ω—é ‚Äì –Ω–µ –º–µ–Ω—à–µ 5 –º.
  - –í—ñ–¥ –ø–∞–ª—å–Ω–∏–∫—ñ–≤ –¥–æ –æ–∫—Ä–µ–º–∏—Ö –±–∞–ª–æ–Ω—ñ–≤ ‚Äì –Ω–µ –º–µ–Ω—à–µ 5 –º.
  - –í—ñ–¥ –ø–∞–ª—å–Ω–∏–∫—ñ–≤ –¥–æ —Ä–∞–º–ø–æ–≤–∏—Ö —É—Å—Ç–∞–Ω–æ–≤–æ–∫ ‚Äì –Ω–µ –º–µ–Ω—à–µ 10 –º.

- **–ü–æ—Ä—è–¥–æ–∫ –∑–±–µ—Ä—ñ–≥–∞–Ω–Ω—è:**
  - –ë–∞–ª–æ–Ω–∏ –∑ –±–∞—à–º–∞–∫–∞–º–∏ –∑–±–µ—Ä—ñ–≥–∞—Ç–∏ –≤–µ—Ä—Ç–∏–∫–∞–ª—å–Ω–æ —É —Å–ø–µ—Ü—ñ–∞–ª—å–Ω–∏—Ö –≥–Ω—ñ–∑–¥–∞—Ö –∞–±–æ –∫–ª—ñ—Ç–∫–∞—Ö.
  - –ë–∞–ª–æ–Ω–∏ –±–µ–∑ –±–∞—à–º–∞–∫—ñ–≤ ‚Äì –≥–æ—Ä–∏–∑–æ–Ω—Ç–∞–ª—å–Ω–æ –Ω–∞ —Å—Ç–µ–ª–∞–∂–∞—Ö, –Ω–µ –≤–∏—â–µ 1,5 –º.
  - –í–µ–Ω—Ç–∏–ª—ñ –º–∞—é—Ç—å –±—É—Ç–∏ –∑–∞–∫—Ä–∏—Ç—ñ –∑–∞–ø–æ–±—ñ–∂–Ω–∏–º–∏ –∫–æ–≤–ø–∞–∫–∞–º–∏ —ñ –ø–æ–≤–µ—Ä—Ç–∞—Ç–∏—Å—è –≤ –æ–¥–∏–Ω –±—ñ–∫.
  - –£ —à—Ç–∞–±–µ–ª—è—Ö –≤–∏–∫–æ—Ä–∏—Å—Ç–æ–≤—É–≤–∞—Ç–∏ –ø—Ä–æ–∫–ª–∞–¥–∫–∏ –¥–ª—è –∑–∞–ø–æ–±—ñ–≥–∞–Ω–Ω—è —Ä–æ–∑–∫–æ—á—É–≤–∞–Ω–Ω—é –±–∞–ª–æ–Ω—ñ–≤.
  
- **–í–µ–Ω—Ç–∏–ª—è—Ü—ñ—è:**
  - –ü–æ—Å—Ç—ñ–π–Ω–∞ –ø—Ä–∏–º—É—Å–æ–≤–∞ –≤–µ–Ω—Ç–∏–ª—è—Ü—ñ—è —Å–∫–ª–∞–¥—ñ–≤ –∑ –≥–æ—Ä—é—á–∏–º–∏ –≥–∞–∑–∞–º–∏.

- **–í–∏–º–æ–≥–∏ –∑–∞–±–æ—Ä–æ–Ω:**
  - –ù–µ –∑–±–µ—Ä—ñ–≥–∞—Ç–∏ –±–∞–ª–æ–Ω–∏ –∑ –∫–∏—Å–Ω–µ–º —ñ –≥–æ—Ä—é—á–∏–º–∏ –≥–∞–∑–∞–º–∏ —Ä–∞–∑–æ–º.
  - –ó–∞–±–æ—Ä–æ–Ω–µ–Ω–æ –∑–±–µ—Ä—ñ–≥–∞–Ω–Ω—è –±–∞–ª–æ–Ω—ñ–≤ –∑ –ø–æ—à–∫–æ–¥–∂–µ–Ω–Ω—è–º–∏ —Ç–∞ –±–µ–∑ –∑–∞–ø–æ–±—ñ–∂–Ω–∏—Ö –∫–æ–≤–ø–∞–∫—ñ–≤.
  - –ó–∞–±–æ—Ä–æ–Ω–µ–Ω–æ –∑–±–µ—Ä—ñ–≥–∞—Ç–∏ –±–∞–ª–æ–Ω–∏ –ø–æ–±–ª–∏–∑—É –º–∞—Å—Ç–∏–ª, —Ñ–∞—Ä–±, –∂–∏—Ä—ñ–≤.
  - –ù–µ –ø–µ—Ä–µ–Ω–æ—Å–∏—Ç–∏ –±–∞–ª–æ–Ω–∏ –Ω–∞ –ø–ª–µ—á–∞—Ö —ñ —Ä—É–∫–∞—Ö.

---

### 2. **–ó–±–µ—Ä—ñ–≥–∞–Ω–Ω—è —Ö—ñ–º—ñ—á–Ω–∏—Ö —Ä–µ—á–æ–≤–∏–Ω**

- **–ó–Ω–∞–Ω–Ω—è –ø–µ—Ä—Å–æ–Ω–∞–ª—É:**  
  - –ü–æ–≤–∏–Ω–µ–Ω –∑–Ω–∞—Ç–∏ **–ø–æ–∂–µ–∂–Ω—É –Ω–µ–±–µ–∑–ø–µ–∫—É, –ø—Ä–∞–≤–∏–ª–∞ –∑–±–µ—Ä—ñ–≥–∞–Ω–Ω—è —ñ –≥–∞—Å—ñ–Ω–Ω—è** —Ö—ñ–º—ñ–∫–∞—Ç—ñ–≤.

- **–ü–ª–∞–Ω —Ä–æ–∑–º—ñ—â–µ–Ω–Ω—è:**  
  - –ó —Ö—ñ–º—ñ—á–Ω–∏–º–∏ —Ä–µ—á–æ–≤–∏–Ω–∞–º–∏ —Å–∫–ª–∞–¥–∞—î—Ç—å—Å—è –ø–ª–∞–Ω —ñ–∑ –ø–æ–∑–Ω–∞—á–µ–Ω–Ω—è–º —ó—Ö –≤–ª–∞—Å—Ç–∏–≤–æ—Å—Ç–µ–π:  
    - –í–æ–≥–Ω–µ–Ω–µ–±–µ–∑–ø–µ—á–Ω—ñ  
    - –û—Ç—Ä—É–π–Ω—ñ  
    - –•—ñ–º—ñ—á–Ω–æ –∞–∫—Ç–∏–≤–Ω—ñ  

- **–ú—ñ—Å—Ü–µ –∑–±–µ—Ä—ñ–≥–∞–Ω–Ω—è:**  
  - –í –∑–∞–∫—Ä–∏—Ç–∏—Ö —Å—É—Ö–∏—Ö –ø—Ä–∏–º—ñ—â–µ–Ω–Ω—è—Ö –∞–±–æ –ø—ñ–¥ –Ω–∞–≤—ñ—Å–∞–º–∏ (—Ç—ñ–ª—å–∫–∏ —Ä–µ—á–æ–≤–∏–Ω–∏, —è–∫—ñ –Ω–µ —Ä—É–π–Ω—É—é—Ç—å—Å—è –≤—ñ–¥ –≤–æ–ª–æ–≥–∏).
  - –°–î–û–† (—Å–∏–ª—å–Ω–æ–¥—ñ—é—á—ñ –æ—Ç—Ä—É–π–Ω—ñ —Ä–µ—á–æ–≤–∏–Ω–∏) ‚Äì –∑–±–µ—Ä—ñ–≥–∞—Ç–∏ –∑–∞ —Å—É–≤–æ—Ä–∏–º–∏ —Å–ø–µ—Ü—ñ–∞–ª—å–Ω–∏–º–∏ –ø—Ä–∞–≤–∏–ª–∞–º–∏.

- **–ë—É–¥—ñ–≤–ª—è —Å–∫–ª–∞–¥—É:**  
  - –í–æ–≥–Ω–µ—Å—Ç—ñ–π–∫—ñ—Å—Ç—å –Ω–µ –Ω–∏–∂—á–µ II —Å—Ç—É–ø–µ–Ω—è.
  - –†–æ–∑–¥—ñ–ª–µ–Ω–Ω—è —Å–∫–ª–∞–¥—ñ–≤ –Ω–∞ —ñ–∑–æ–ª—å–æ–≤–∞–Ω—ñ –≤—ñ–¥—Å—ñ–∫–∏ –ø—Ä–æ—Ç–∏–ø–æ–∂–µ–∂–Ω–∏–º–∏ –ø–µ—Ä–µ–≥–æ—Ä–æ–¥–∫–∞–º–∏ 1-–≥–æ —Ç–∏–ø—É.

- **–¢–∞—Ä–∞:**  
  - –î—Ä—ñ–±–Ω—É —Ç–∞—Ä—É –∑ —Ö—ñ–º—ñ–∫–∞—Ç–∞–º–∏ –∑–±–µ—Ä—ñ–≥–∞—Ç–∏ –Ω–∞ —Å—Ç–µ–ª–∞–∂–∞—Ö, –Ω–µ –±—ñ–ª—å—à–µ –æ–¥–Ω–∏–º –±–∞—Ä–∞–±–∞–Ω–æ–º —É –≤–∏—Å–æ—Ç—É.

---

### 3. **–í–∞–∂–ª–∏–≤—ñ –∑–∞–±–æ—Ä–æ–Ω–∏ –ø—ñ–¥ —á–∞—Å –≥–∞–∑–æ–∑–≤–∞—Ä—é–≤–∞–ª—å–Ω–∏—Ö —Ä–æ–±—ñ—Ç**

- –ó–∞–±–æ—Ä–æ–Ω—è—î—Ç—å—Å—è:  
  - –í—ñ–¥—ñ–≥—Ä—ñ–≤–∞—Ç–∏ –∑–∞–º–µ—Ä–∑–ª–µ –æ–±–ª–∞–¥–Ω–∞–Ω–Ω—è –≤—ñ–¥–∫—Ä–∏—Ç–∏–º –≤–æ–≥–Ω–µ–º.  
  - –î–æ–ø—É—Å–∫–∞—Ç–∏ —Å—Ç–∏–∫–∞–Ω–Ω—è –∫–∏—Å–Ω–µ–≤–∏—Ö –±–∞–ª–æ–Ω—ñ–≤ –∑ –º–∞—Å–ª–∞–º–∏ –∞–±–æ –ø—Ä–æ–º–∞—Å–ª–µ–Ω–∏–º –æ–¥—è–≥–æ–º.  
  - –ü–µ—Ä–µ–Ω–æ—Å–∏—Ç–∏ –±–∞–ª–æ–Ω–∏ –Ω–∞ –ø–ª–µ—á–∞—Ö —ñ —Ä—É–∫–∞—Ö.  
  - –ó–±–µ—Ä—ñ–≥–∞—Ç–∏ –ª–µ–≥–∫–æ–∑–∞–π–º–∏—Å—Ç—ñ –º–∞—Ç–µ—Ä—ñ–∞–ª–∏ (–≥–∞–∑–∏, –º–∞—Å—Ç–∏–ª–∞) –≤ –∑–≤–∞—Ä—é–≤–∞–ª—å–Ω–∏—Ö –∫–∞–±—ñ–Ω–∞—Ö.  
  - –í–∏–∫–æ–Ω—É–≤–∞—Ç–∏ –≤–æ–≥–Ω–µ–≤—ñ —Ä–æ–±–æ—Ç–∏ –Ω–∞ —Ç–æ–∫—Å–∏—á–Ω–∏—Ö –∞–±–æ –ø—ñ–¥ —Ç–∏—Å–∫–æ–º –Ω–∞–ø–æ–≤–Ω–µ–Ω–∏—Ö —É—Å—Ç–∞–Ω–æ–≤–∫–∞—Ö.  

---

### 4. **–°—Ö–µ–º–∞ –¥–ª—è –Ω–∞–æ—á–Ω–æ—Å—Ç—ñ (—Ç–µ–∫—Å—Ç–æ–≤–∏–π –æ–ø–∏—Å –¥–ª—è –∫–∞—Ä—Ç–∏–Ω–∫–∏)**

**–°—Ö–µ–º–∞: –ë–µ–∑–ø–µ—á–Ω–µ –∑–±–µ—Ä—ñ–≥–∞–Ω–Ω—è –±–∞–ª–æ–Ω—ñ–≤ —ñ —Ö—ñ–º—ñ–∫–∞—Ç—ñ–≤**

- –ó–æ–±—Ä–∞–∂–µ–Ω–Ω—è —Å–∫–ª–∞–¥—É, –ø–æ–¥—ñ–ª–µ–Ω–æ–≥–æ –Ω–∞ 2 –∑–æ–Ω–∏:  
  1. –°–∫–ª–∞–¥ –±–∞–ª–æ–Ω—ñ–≤ (–∑—ñ—Å—Ç–µ–Ω—ñ –∫–ª—ñ—Ç–∫–∏ –¥–ª—è –±–∞–ª–æ–Ω—ñ–≤ –∫–∏—Å–Ω—é —Ç–∞ –æ–∫—Ä–µ–º–æ –¥–ª—è –≥–æ—Ä—é—á–∏—Ö –≥–∞–∑—ñ–≤). –ü–æ–∑–Ω–∞—á–µ–Ω–æ –≤–µ–Ω—Ç–∏–ª—è—Ü—ñ—é —ñ –≤—ñ–¥—Å—Ç–∞–Ω—ñ –≤—ñ–¥ –æ–ø–∞–ª—é–≤–∞–ª—å–Ω–∏—Ö –ø—Ä–∏–ª–∞–¥—ñ–≤.  
  2. –°–∫–ª–∞–¥ —Ö—ñ–º—ñ—á–Ω–∏—Ö —Ä–µ—á–æ–≤–∏–Ω –∑ —Ä–æ–∑–º–µ–∂—É–≤–∞–Ω–Ω—è–º –∑–∞ –∫–ª–∞—Å–∞–º–∏: –≤–æ–≥–Ω–µ–Ω–µ–±–µ–∑–ø–µ—á–Ω—ñ, –æ—Ç—Ä—É–π–Ω—ñ, —Ö—ñ–º—ñ—á–Ω–æ –∞–∫—Ç–∏–≤–Ω—ñ, –∫–æ–∂–µ–Ω —É –≤–ª–∞—Å–Ω–æ–º—É –≤—ñ–¥—Å—ñ–∫—É –∑ –ø—Ä–æ—Ç–∏–ø–æ–∂–µ–∂–Ω–∏–º–∏ –ø–µ—Ä–µ–≥–æ—Ä–æ–¥–∫–∞–º–∏.  

- –ë–∞–ª–æ–Ω–∏ –∑ –≤–µ–Ω—Ç–∏–ª—è—Ç–æ—Ä–∞–º–∏ —ñ —Ç–∞–±–ª–∏—á–∫–∞–º–∏ ‚Äú–ù–µ –ø–∞–ª–∏—Ç–∏‚Äù  
- –°—Ç–µ–ª–∞–∂—ñ –∑ –±–æ—á–∫–∞–º–∏ —Ö—ñ–º—ñ–∫–∞—Ç—ñ–≤  
- –í—ñ–¥—Å—Ç–∞–Ω—ñ —Ç–∞ –∑–∞–±–æ—Ä–æ–Ω–∏ –ø–æ–∫–∞–∑–∞–Ω—ñ —Å—Ç—Ä—ñ–ª–∫–∞–º–∏ —ñ –ø—ñ–∫—Ç–æ–≥—Ä–∞–º–∞–º–∏  

---

–Ø–∫—â–æ —Ö–æ—á–µ—à, –∑—Ä–æ–±–ª—é —â–µ –∫–æ–Ω–∫—Ä–µ—Ç–Ω—ñ—à–µ –Ω–∞ –ø—Ä–∏–∫–ª–∞–¥–∞—Ö –∞–±–æ –ø–æ—è—Å–Ω—é –ø–æ –ø—É–Ω–∫—Ç–∞–º ‚Äì –¥–∞–π –∑–Ω–∞—Ç–∏! –ó–∞–≤–∂–¥–∏ –Ω–∞ –∑–≤‚Äô—è–∑–∫—É üòä"
641269362,datsenkoigor,2025-04-18 13:24:36,78,text,question,–ø—Ä–∏–≤—ñ—Ç
641269362,datsenkoigor,2025-04-18 13:24:38,78,text,answer,"–ü—Ä–∏–≤—ñ—Ç! üëã –ß–∏–º –¥–æ–ø–æ–º–æ–≥—Ç–∏ –∑ –æ—Ö–æ—Ä–æ–Ω–æ—é –ø—Ä–∞—Ü—ñ –∑–≤–∞—Ä—é–≤–∞–ª—å–Ω–∏–∫—ñ–≤? –ú–æ–∂—É –ø–æ—è—Å–Ω–∏—Ç–∏ –ø—Ä–æ –ó–Ü–ó, –ø–æ–∂–µ–∂–Ω—É –±–µ–∑–ø–µ–∫—É —á–∏ —â–æ—Å—å —ñ–Ω—à–µ ‚Äì –ø–∏—à–∏, —Ä–∞–∑–æ–º —Ä–æ–∑–±–µ—Ä–µ–º–æ—Å—å! üòä"
641269362,datsenkoigor,2025-04-18 13:25:16,81,text,question,"—Ä–æ–∑–∫–∞–∂–∏, —è–∫—ñ –∑–∞—Ö–æ–¥–∏ –±–µ–∑–ø–µ–∫–∏ –ø—Ä–∏ –∑–≤–∞—Ä—é–≤–∞–Ω–Ω—ñ –Ω–∞ –±–∞–≥–∞—Ç–æ–ø–æ–≤–µ—Ä—Ö—ñ–≤–∫–∞—Ö"
641269362,datsenkoigor,2025-04-18 13:25:33,81,text,answer,"–ô–æ, –¥—Ä—É–∂–µ! –Ø–∫—â–æ —Ç—Ä–µ–±–∞ –∑–≤–∞—Ä—é–≤–∞—Ç–∏ –Ω–∞ –±–∞–≥–∞—Ç–æ–ø–æ–≤–µ—Ä—Ö—ñ–≤–∫–∞—Ö, —Ç–æ –±–µ–∑–ø–µ–∫–∞ ‚Äì —Ü–µ —Ç–≤—ñ–π –Ω–∞–π–≥–æ–ª–æ–≤–Ω—ñ—à–∏–π –¥—Ä—É–≥. –û—Å—å –≥–æ–ª–æ–≤–Ω—ñ **–∑–∞—Ö–æ–¥–∏ –±–µ–∑–ø–µ–∫–∏**, —è–∫—ñ —Ç–æ—á–Ω–æ —Ç—Ä–µ–±–∞ –∑–Ω–∞—Ç–∏ —ñ –≤–∏–∫–æ–Ω—É–≤–∞—Ç–∏:

---

### –ó–∞—Ö–æ–¥–∏ –±–µ–∑–ø–µ–∫–∏ –ø—Ä–∏ –∑–≤–∞—Ä—é–≤–∞–Ω–Ω—ñ –Ω–∞ –±–∞–≥–∞—Ç–æ–ø–æ–≤–µ—Ä—Ö—ñ–≤–∫–∞—Ö

1. **–í–ª–∞—à—Ç—É–≤–∞–Ω–Ω—è —Ä–æ–±–æ—á–æ–≥–æ –º—ñ—Å—Ü—è**
   - –ó–≤–∞—Ä—é–≤–∞–ª—å–Ω—ñ —Ä–æ–±–æ—Ç–∏ —Ä–æ–±–∏—Ç–∏ —É **–≤–µ–Ω—Ç–∏–ª—å–æ–≤–∞–Ω–∏—Ö –∫–∞–±—ñ–Ω–∞—Ö** –∞–±–æ –Ω–∞ –≤—ñ–¥–∫—Ä–∏—Ç–æ–º—É –ø–æ–≤—ñ—Ç—Ä—ñ –ø—ñ–¥ –Ω–∞–≤—ñ—Å–æ–º –∑ –Ω–µ–≥–æ—Ä—é—á–∏—Ö –º–∞—Ç–µ—Ä—ñ–∞–ª—ñ–≤.
   - –ó–∞–±–æ—Ä–æ–Ω–µ–Ω–æ –ø—Ä–∞—Ü—é–≤–∞—Ç–∏ –ø—ñ–¥ —á–∞—Å **–¥–æ—â—É –∞–±–æ —Å–Ω—ñ–≥–æ–ø–∞–¥—É**, —è–∫—â–æ –Ω–µ–º–∞—î –Ω–∞–≤—ñ—Å—É.
   - –Ø–∫—â–æ —Ä–æ–±–æ—Ç–∞ –Ω–∞ –≤–∏—Å–æ—Ç—ñ –ø–æ–Ω–∞–¥ 1,3 –º ‚Äì –æ–±–æ–≤‚Äô—è–∑–∫–æ–≤–æ —Å—Ç–∞–≤–∏—Ç–∏ **–º–∞–π–¥–∞–Ω—á–∏–∫–∏ —ñ –¥—Ä–∞–±–∏–Ω–∏ –∑ –Ω–µ–≥–æ—Ä—é—á–∏—Ö –º–∞—Ç–µ—Ä—ñ–∞–ª—ñ–≤**.

2. **–û—Ä–≥–∞–Ω—ñ–∑–∞—Ü—ñ—è –±–µ–∑–ø–µ–∫–∏ –Ω–∞ —Ä–æ–±–æ—á–æ–º—É –º—ñ—Å—Ü—ñ**
   - –ó–≤–∞—Ä—é–≤–∞–ª—å–Ω–µ –æ–±–ª–∞–¥–Ω–∞–Ω–Ω—è —Ä–æ–∑–º—ñ—â—É–≤–∞—Ç–∏ —É **–º–µ—Ç–∞–ª–µ–≤–∏—Ö –∫–æ–Ω—Ç–µ–π–Ω–µ—Ä–∞—Ö**.
   - –í—ñ–¥–∫–ª—é—á–∞—Ç–∏ –∑–≤–∞—Ä—é–≤–∞–ª—å–Ω–∏–π –∞–ø–∞—Ä–∞—Ç –ø—Ä–∏ –∫–æ–∂–Ω–æ–º—É –≤—ñ–¥–ª—É—á–µ–Ω–Ω—ñ –∑—ñ —Å–≤–æ–≥–æ –º—ñ—Å—Ü—è.
   - –í–ª–∞—à—Ç–æ–≤—É–≤–∞—Ç–∏ –Ω–∞–¥—ñ–π–Ω–µ **–∑–µ–º–ª–µ–Ω–Ω—è** —Ç–∞ –¥–±–∞—Ç–∏ –ø—Ä–æ —Ü—ñ–ª—ñ—Å–Ω—ñ—Å—Ç—å –µ–ª–µ–∫—Ç—Ä–æ–æ–±–ª–∞–¥–Ω–∞–Ω–Ω—è.

3. **–ü–æ–∂–µ–∂–Ω–∞ –±–µ–∑–ø–µ–∫–∞**
   - –ó–±–µ—Ä—ñ–≥–∞—Ç–∏ **–≥–æ—Ä—é—á—ñ –º–∞—Ç–µ—Ä—ñ–∞–ª–∏ –ø–æ–¥–∞–ª—ñ –º—ñ–Ω—ñ–º—É–º 25 –º** –≤—ñ–¥ –º—ñ—Å—Ü—è –∑–≤–∞—Ä—é–≤–∞–Ω–Ω—è.
   - –ó–∞–±–æ—Ä–æ–Ω–µ–Ω–æ –∑–±–µ—Ä—ñ–≥–∞—Ç–∏ –±–∞–ª–æ–Ω–∏ –∑ –∫–∏—Å–Ω–µ–º —Ä–∞–∑–æ–º –∑ –≥–æ—Ä—é—á–∏–º–∏ –≥–∞–∑–∞–º–∏, –º–∞—Å—Ç–∏–ª–∞–º–∏, —Ñ–∞—Ä–±–∞–º–∏.
   - –í–æ–≥–æ–Ω—å —ñ –∑–≤–∞—Ä—é–≤–∞–Ω–Ω—è –Ω–µ —Ä–æ–±–∏—Ç–∏ –ø–æ–±–ª–∏–∑—É –≥–æ—Ä—é—á–∏—Ö –º–∞—Ç–µ—Ä—ñ–∞–ª—ñ–≤, –∞ –ø—ñ–¥ —á–∞—Å —Ä–æ–±—ñ—Ç –∑ —É—Ç–µ–ø–ª—é–≤–∞—á–µ–º –≥–æ—Ä—é—á–∏—Ö –≥—Ä—É–ø (–ì2-–ì4) ‚Äì –≤–∏–∫–æ—Ä–∏—Å—Ç–æ–≤—É–≤–∞—Ç–∏ —Ç–∏–º—á–∞—Å–æ–≤–∏–π –ø—Ä–æ—Ç–∏–ø–æ–∂–µ–∂–Ω–∏–π –≤–æ–¥–æ–≥—ñ–Ω.
   - –ó–∞–±–æ—Ä–æ–Ω—è—î—Ç—å—Å—è –ø–∞–ª–∏—Ç–∏ –∞–±–æ —Ä–æ–∑–≤–æ–¥–∏—Ç–∏ –±–∞–≥–∞—Ç—Ç—è –Ω–∞ —Ç–µ—Ä–∏—Ç–æ—Ä—ñ—ó –±—É–¥—ñ–≤–Ω–∏—Ü—Ç–≤–∞.

4. **–¢—Ä–∞–Ω—Å–ø–æ—Ä—Ç—É–≤–∞–Ω–Ω—è —ñ –∑–±–µ—Ä—ñ–≥–∞–Ω–Ω—è –≥–∞–∑–æ–≤–∏—Ö –±–∞–ª–æ–Ω—ñ–≤**
   - –ë–∞–ª–æ–Ω–∏ –ø–µ—Ä–µ–≤–æ–∑–∏—Ç–∏ —É –≥–æ—Ä–∏–∑–æ–Ω—Ç–∞–ª—å–Ω–æ–º—É –ø–æ–ª–æ–∂–µ–Ω–Ω—ñ (–Ω–∞ –∞–≤—Ç–æ–∫–∞—Ä–∞—Ö —á–∏ —Ä–µ—Å–æ—Ä–Ω–æ–º—É —Ç—Ä–∞–Ω—Å–ø–æ—Ä—Ç—ñ) –∑ –ø—Ä–æ–∫–ª–∞–¥–∫–∞–º–∏ –º—ñ–∂ –±–∞–ª–æ–Ω–∞–º–∏.
   - –í–ø—Ä–æ–¥–æ–≤–∂ –ø–µ—Ä–µ–≤–µ–∑–µ–Ω–Ω—è –≤–µ–Ω—Ç–∏–ª—ñ –ø–æ–≤–∏–Ω–Ω—ñ –±—É—Ç–∏ –∑–≤–µ—Ä–Ω–µ–Ω—ñ –≤ –æ–¥–∏–Ω –±—ñ–∫.
   - –ü–æ—Ä–æ–∂–Ω—ñ –±–∞–ª–æ–Ω–∏ –∑–±–µ—Ä—ñ–≥–∞—Ç–∏ –æ–∫—Ä–µ–º–æ –≤—ñ–¥ –Ω–∞–ø–æ–≤–Ω–µ–Ω–∏—Ö.
   - –ó–∞–ø–æ–±—ñ–≥–∞—Ç–∏ –ø–∞–¥—ñ–Ω–Ω—é —Ç–∞ –ø–æ—à–∫–æ–¥–∂–µ–Ω–Ω—é –±–∞–ª–æ–Ω—ñ–≤.

5. **–†–æ–±–æ—Ç–∞ –Ω–∞ –≤–∏—Å–æ—Ç—ñ**
   - –í—Å—Ç–∞–Ω–æ–≤–ª—é–≤–∞—Ç–∏ –∑–∞—Ö–∏—Å–Ω—ñ –æ–≥–æ—Ä–æ–¥–∂–µ–Ω–Ω—è —ñ –ø–æ—Ä—É—á–Ω—ñ –≤—ñ–¥–ø–æ–≤—ñ–¥–Ω–æ –¥–æ –ì–û–°–¢ 12.4.059-89.
   - –í–∏–∫–æ—Ä–∏—Å—Ç–æ–≤—É–≤–∞—Ç–∏ —Å—Ç—Ä–∞—Ö—É–≤–∞–ª—å–Ω—ñ –ø–æ—è—Å–∏, –∫–∞–Ω–∞—Ç–∏ —Ç–∞ –æ–±–ª–∞–¥–Ω–∞–Ω–Ω—è –∑–∞ –ø—Ä–∞–≤–∏–ª–∞–º–∏ (–∫—Ä—ñ–ø–ª–µ–Ω–Ω—è –º–∞—î –±—É—Ç–∏ –Ω–∞–¥—ñ–π–Ω–∏–º!).
   - –ü—Ä–∞—Ü—é–≤–∞—Ç–∏ —Ç—ñ–ª—å–∫–∏ –Ω–∞ –ø—ñ–¥–º–∞–π–¥–∞–Ω—á–∏–∫–∞—Ö –∑ –Ω–µ–≥–æ—Ä—é—á–∏—Ö –º–∞—Ç–µ—Ä—ñ–∞–ª—ñ–≤.
   - –ó–∞–±–æ—Ä–æ–Ω–µ–Ω–æ –æ–±–ª–∞—à—Ç–æ–≤—É–≤–∞—Ç–∏ —Å—Ç–æ—Ä–æ–Ω–Ω—ñ –ø—Ä–∏–º—ñ—â–µ–Ω–Ω—è –∞–±–æ –∑–∞—Ö–∞—Ä–∞—â—É–≤–∞—Ç–∏ –≤–∏—Ö–æ–¥–∏ —É –µ–≤–∞–∫—É–∞—Ü—ñ–π–Ω—ñ —à–ª—è—Ö–∏.

---

### –¢–µ–∫—Å—Ç–æ–≤–∏–π –æ–ø–∏—Å –¥–ª—è —Å—Ö–µ–º–∏ (–¥–ª—è –≥–µ–Ω–µ—Ä–∞—Ü—ñ—ó –∫–∞—Ä—Ç–∏–Ω–∫–∏):

- **–°—Ü–µ–Ω–∞ –∑–≤–∞—Ä—é–≤–∞–ª—å–Ω–∏–∫–∞ –Ω–∞ –≤–∏—Å–æ—Ç—ñ –±–∞–≥–∞—Ç–æ–ø–æ–≤–µ—Ä—Ö—ñ–≤–∫–∏:**
  - –†–æ–±–æ—á–∏–π –º–∞–π–¥–∞–Ω—á–∏–∫ —ñ–∑ –º–µ—Ç–∞–ª–µ–≤–∏–º–∏ –º–∞–π–¥–∞–Ω—á–∏–∫–∞–º–∏ —Ç–∞ –ø–æ—Ä—É—á–Ω—è–º–∏.
  - –ó–≤–∞—Ä—é–≤–∞–ª—å–Ω–∏–∫ —É —Å–ø–µ—Ü–æ–¥—è–∑—ñ –∑—ñ —Å—Ç—Ä–∞—Ö—É–≤–∞–ª—å–Ω–∏–º –ø–æ—è—Å–æ–º, –ø—Ä–∏–≤‚Äô—è–∑–∞–Ω–∏–º –¥–æ —Å—Ç—ñ–π–∫–æ–≥–æ –∫–∞–Ω–∞—Ç–∞.
  - –ù–∞–≤—ñ—Å –Ω–∞–¥ —Ä–æ–±–æ—á–∏–º –º—ñ—Å—Ü–µ–º —ñ–∑ –Ω–µ–≥–æ—Ä—é—á–æ–≥–æ –º–∞—Ç–µ—Ä—ñ–∞–ª—É.
  - –ë—ñ–ª—è –º—ñ—Å—Ü—è –∑–≤–∞—Ä—é–≤–∞–Ω–Ω—è ‚Äì –≤–æ–≥–Ω–µ–≥–∞—Å–Ω–∏–∫ —Ç–∞ –ø–æ—Å–º–µ—Ç—Ç—è –ø—Ä–∏–±—Ä–∞–Ω–µ, –≥–æ—Ä—é—á—ñ —Ä–µ—á—ñ –≤–∏–Ω–µ—Å–µ–Ω—ñ –∑–∞ –º–µ–∂—ñ 25 –º–µ—Ç—Ä—ñ–≤.
  - –ü–æ—Ä—É—á –∑ —Ä–æ–±–æ—á–æ—é –∑–æ–Ω–æ—é –∑–æ–±—Ä–∞–∂–µ–Ω–æ –æ–∫—Ä–µ–º–µ —Å—Ö–æ–≤–∏—â–µ –¥–ª—è –≥–∞–∑–æ–≤–∏—Ö –±–∞–ª–æ–Ω—ñ–≤: –±–∞–ª–æ–Ω–∏ –≤–∏–∫–ª–∞–¥–µ–Ω—ñ –≥–æ—Ä–∏–∑–æ–Ω—Ç–∞–ª—å–Ω–æ, –≤–µ–Ω—Ç–∏–ª—ñ –Ω–∞–ø—Ä–∞–≤–ª–µ–Ω—ñ –≤ –æ–¥–∏–Ω –±—ñ–∫, –º—ñ–∂ –±–∞–ª–æ–Ω–∞–º–∏ –ø—Ä–æ–∫–ª–∞–¥–∫–∏.
  - –ó–∞–±–æ—Ä–æ–Ω—è—é—á—ñ –∑–Ω–∞–∫–∏: ‚Äú–ü–∞–ª–∏—Ç–∏ –∑–∞–±–æ—Ä–æ–Ω–µ–Ω–æ‚Äù, ‚Äú–ù–µ –∑–∞—Ö–∞—Ä–∞—â—É–≤–∞—Ç–∏ –ø—Ä–æ—Ö–æ–¥–∏‚Äù.

---

–Ø–∫—â–æ —Ç—Ä–µ–±–∞, –Ω–∞–∫–∏–¥–∞—é —â–µ –¥–æ–∫–ª–∞–¥–Ω—ñ—à–µ, –∞–±–æ –¥–∞–º —á–µ–∫-–ª–∏—Å—Ç –¥–ª—è –∫–æ–Ω–∫—Ä–µ—Ç–Ω–æ–≥–æ —Ä–æ–±–æ—á–æ–≥–æ –º—ñ—Å—Ü—è. –ü–∏—à–∏, –Ω–µ —Å–æ—Ä–æ–º—Å—è! –ë–µ–∑–ø–µ–∫–∞ –ø–µ—Ä—à –∑–∞ –≤—Å–µ! üòâ‚ö°Ô∏èüî•"
641269362,datsenkoigor,2025-04-18 13:26:25,83,text,question,–¥–∞–π –±—ñ–ª—å—à –¥–µ—Ç–∞–ª—å–Ω—É –≤—ñ–¥–ø–æ–≤—ñ–¥—å
641269362,datsenkoigor,2025-04-18 13:26:39,83,text,answer,"–ü—Ä–∏–≤—ñ—Ç! –î–∞–≤–∞–π —Ä–æ–∑–±–µ—Ä–µ–º–æ —Ü–µ –ø–∏—Ç–∞–Ω–Ω—è —á—ñ—Ç–∫–æ —ñ –ø–æ –ø–æ–ª–∏—á–∫–∞—Ö. –ó–¥–∞—î—Ç—å—Å—è, —Ç–∏ –∑–≤–µ—Ä–Ω—É–≤—Å—è –¥–æ **—ñ–Ω—Ñ–æ—Ä–º–∞—Ü—ñ—ó –∑ –æ—Ö–æ—Ä–æ–Ω–∏ –ø—Ä–∞—Ü—ñ**, —è–∫–∞ —Å—Ç–æ—Å—É—î—Ç—å—Å—è **–∑–∞—Ö–∏—Å—Ç—É —Ä—ñ–∑–Ω–∏—Ö —á–∞—Å—Ç–∏–Ω —Ç—ñ–ª–∞** –ø—ñ–¥ —á–∞—Å —Ä–æ–±–æ—Ç–∏, —ñ —Ö–æ—á–µ—à –±—ñ–ª—å—à –¥–µ—Ç–∞–ª—å–Ω–æ –ø—Ä–æ —Ü–µ.

---

### –©–æ —Ç–∞–∫–µ –í–ê–ù–¢–ê-–ñ–ï–ù–ù–Ø –ù–ï–†–í–û-–í–û-–ü–°–ò–•–Ü–ß–ù–Ü –ü–ï–†–ï–í–ê–ù–¢–ê–ñ–ï–ù–ù–Ø —Ç–∞ —è–∫ —Ü–µ –≤–ø–ª–∏–≤–∞—î –Ω–∞ –∑–∞—Ö–∏—Å—Ç –ø—Ä–∞—Ü—ñ–≤–Ω–∏–∫–∞?

1. **–í–ê–ù–¢–ê-–ñ–ï–ù–ù–Ø –Ω–µ—Ä–≤–æ-–ø—Å–∏—Ö—ñ—á–Ω—ñ** ‚Äî —Ü–µ –∫–æ–ª–∏ –∑–≤–∞—Ä—é–≤–∞–ª—å–Ω–∏–∫ (–∞–±–æ –±—É–¥—å-—Ö—Ç–æ, —Ö—Ç–æ –ø—Ä–∞—Ü—é—î —É —à–∫—ñ–¥–ª–∏–≤–∏—Ö —É–º–æ–≤–∞—Ö) –≤—ñ–¥—á—É–≤–∞—î **–Ω–∞–¥–º—ñ—Ä–Ω–∏–π —Å—Ç—Ä–µ—Å, –≤—Ç–æ–º—É, –ø–µ—Ä–µ–≤–∞–Ω—Ç–∞–∂–µ–Ω–Ω—è –Ω–µ—Ä–≤–æ–≤–æ—ó —Å–∏—Å—Ç–µ–º–∏**. –¶–µ –≤–ø–ª–∏–≤–∞—î –Ω–∞ —É–≤–∞–≥—É, —Ä–µ–∞–∫—Ü—ñ—é —ñ –∑–∞–≥–∞–ª—å–Ω—É –±–µ–∑–ø–µ–∫—É.

2. **–ß–æ–º—É —Ü–µ –≤–∞–∂–ª–∏–≤–æ?**  
   - –ü–æ–≥—ñ—Ä—à—É—î—Ç—å—Å—è –∫–æ–Ω—Ü–µ–Ω—Ç—Ä–∞—Ü—ñ—è, –∑—Ä–æ—Å—Ç–∞—î —Ä–∏–∑–∏–∫ –ø–æ–º–∏–ª–∫–∏, –∞ —Ü–µ ‚Äî —Ç—Ä–∞–≤–º–∞ –∞–±–æ –∞–≤–∞—Ä—ñ—è.  
   - –¢–æ–∂ –æ–±–æ–≤‚Äô—è–∑–æ–∫ —Ä–æ–±–æ—Ç–æ–¥–∞–≤—Ü—è ‚Äî –∑–∞–±–µ–∑–ø–µ—á–∏—Ç–∏ —É–º–æ–≤–∏, —è–∫—ñ –º—ñ–Ω—ñ–º—ñ–∑—É—é—Ç—å —Ü—ñ –Ω–∞–≤–∞–Ω—Ç–∞–∂–µ–Ω–Ω—è.

---

### –û—Ö–æ—Ä–æ–Ω–∞ –æ—Ä–≥–∞–Ω—ñ–≤ —Ç–∞ —á–∞—Å—Ç–∏–Ω —Ç—ñ–ª–∞ –ø—Ä–∏ –∑–≤–∞—Ä—é–≤–∞–Ω–Ω—ñ

–ó–≤–∞—Ä—é–≤–∞–Ω–Ω—è ‚Äî —Ü–µ —Å–ø—Ä–∞–≤–∞, –¥–µ –Ω–∞—à –æ—Ä–≥–∞–Ω—ñ–∑–º –ø—ñ–¥–¥–∞—î—Ç—å—Å—è –≤–µ–ª–∏–∫–æ–º—É —Ä–∏–∑–∏–∫—É. –û—Å—å –∫–ª—é—á–æ–≤—ñ —Ç–æ—á–∫–∏, —è–∫—ñ –ø–æ—Ç—Ä—ñ–±–Ω–æ –∑–∞—Ö–∏—â–∞—Ç–∏ (—ñ —â–æ –¥–ª—è —Ü—å–æ–≥–æ –≤–∏–∫–æ—Ä–∏—Å—Ç–æ–≤—É–≤–∞—Ç–∏):

| –ß–∞—Å—Ç–∏–Ω–∞ —Ç—ñ–ª–∞             | –ó–∞–≥—Ä–æ–∑–∞                      | –ó–∞—Å–æ–±–∏ –∑–∞—Ö–∏—Å—Ç—É (–ó–Ü–ó)                    |
|-------------------------|-----------------------------|----------------------------------------|
| **–ß–µ—Ä–µ–ø —Ç–∞ –æ–±–ª–∏—á—á—è**     | –Ü—Å–∫—Ä–∏, —Ä–æ–∑–ø–ª–∞–≤–ª–µ–Ω–∏–π –º–µ—Ç–∞–ª, —É–ª—å—Ç—Ä–∞—Ñ—ñ–æ–ª–µ—Ç–æ–≤–µ –≤–∏–ø—Ä–æ–º—ñ–Ω—é–≤–∞–Ω–Ω—è | –ú–∞—Å–∫–∞ –∑–≤–∞—Ä–Ω–∏–∫–∞, —à–æ–ª–æ–º —ñ–∑ –∑–∞—Ö–∏—Å—Ç–æ–º –æ–±–ª–∏—á—á—è |
| **–í—É—Ö–∞**                 | –®—É–º, —ñ—Å–∫—Ä–∏                  | –ù–∞–≤—É—à–Ω–∏–∫–∏-–∑–∞–≥–ª—É—à–∫–∏ –∞–±–æ –±–µ—Ä—É—à—ñ           |
| **–û—á—ñ**                  | –Ø—Å–∫—Ä–∞–≤–µ —Å–≤—ñ—Ç–ª–æ, —É–ª—å—Ç—Ä–∞—Ñ—ñ–æ–ª–µ—Ç | –ó–∞—Ö–∏—Å–Ω—ñ –æ–∫—É–ª—è—Ä–∏ –∞–±–æ –º–∞—Å–∫–∞               |
| **–î–∏—Ö–∞–ª—å–Ω—ñ —à–ª—è—Ö–∏**       | –î—ñ–º–∏ —Ç–∞ –≥–∞–∑–∏ –≤—ñ–¥ –∑–≤–∞—Ä—é–≤–∞–Ω–Ω—è | –†–µ—Å–ø—ñ—Ä–∞—Ç–æ—Ä–∏ –∞–±–æ —Å–ø–µ—Ü—ñ–∞–ª—å–Ω—ñ –º–∞—Å–∫–∏        |
| **–ö–∏—Å—Ç—ñ —Ç–∞ —Ä—É–∫–∏**        | –û–ø—ñ–∫–∏, –ø–æ—Ä—ñ–∑–∏               | –¢–µ—Ä–º—ñ—á–Ω–æ- —Ç–∞ —Ö—ñ–º—ñ—á–Ω–æ —Å—Ç—ñ–π–∫—ñ —Ä—É–∫–∞–≤–∏—Ü—ñ    |
| **–†—É–∫–∏ (–≤–∏—â–µ –∫–∏—Å—Ç—ñ)**    | –ú–µ—Ö–∞–Ω—ñ—á–Ω—ñ, —Ç–µ—Ä–º—ñ—á–Ω—ñ —Ç—Ä–∞–≤–º–∏  | –ó–∞—Ö–∏—Å–Ω–∏–π –æ–¥—è–≥ —ñ–∑ –≤–æ–≥–Ω–µ—Ç—Ä–∏–≤–∫–æ—ó —Ç–∫–∞–Ω–∏–Ω–∏  |
| **–°—Ç–æ–ø–∏ —Ç–∞ –Ω–æ–≥–∏**        | –ü–∞–¥—ñ–Ω–Ω—è, –æ–ø—ñ–∫–∏, —É–¥–∞—Ä        | –°–ø–µ—Ü—ñ–∞–ª—å–Ω–µ –≤–∑—É—Ç—Ç—è –∑ –ø–æ—Å–∏–ª–µ–Ω–æ—é –ø—ñ–¥–æ—à–≤–æ—é  |
| **–®–∫—ñ—Ä–∞, —Ç—É–ª—É–±, –ø–∞—Ö–æ–≤–∞ –¥—ñ–ª—è–Ω–∫–∞** | –í—ñ–¥ —ñ—Å–∫–æ—Ä, –ø–µ—Ä–µ–≥—Ä—ñ–≤—É     | –ö–æ—Å—Ç—é–º, —Å–ø–µ—Ü–æ–¥—è–≥ —ñ–∑ –≤–æ–≥–Ω–µ—Ç—Ä–∏–≤–∫–æ–≥–æ –º–∞—Ç–µ—Ä—ñ–∞–ª—É |

---

### –ö–æ—Ä–æ—Ç–∫–æ –ø—Ä–æ –∑–º—ñ—Å—Ç –¥–æ–∫—É–º–µ–Ω—Ç–∞

–¶–µ–π –¥–æ–∫—É–º–µ–Ω—Ç —Ä–µ–≥–ª–∞–º–µ–Ω—Ç—É—î, —Ö—Ç–æ —ñ —â–æ –º–∞—î —Ä–æ–±–∏—Ç–∏:

- **–ó–∞–≥–∞–ª—å–Ω—ñ –ø–æ–ª–æ–∂–µ–Ω–Ω—è** (—Å—Ç–æ—Ä. 2) ‚Äî –ø—Ä–∞–≤–∏–ª–∞ —ñ —Ü—ñ–ª—ñ –æ—Ö–æ—Ä–æ–Ω–∏ –ø—Ä–∞—Ü—ñ.
- **–û–±–æ–≤‚Äô—è–∑–∫–∏ —Ä–æ–±–æ—Ç–æ–¥–∞–≤—Ü—è** (—Å—Ç–æ—Ä. 3) ‚Äî –∑–∞–±–µ–∑–ø–µ—á–µ–Ω–Ω—è –ó–Ü–ó, –Ω–∞–≤—á–∞–Ω–Ω—è, –∫–æ–Ω—Ç—Ä–æ–ª—å.
- **–Ü–Ω—à—ñ –ø–æ–ª–æ–∂–µ–Ω–Ω—è** (—Å—Ç–æ—Ä. 6) ‚Äî –¥–æ–¥–∞—Ç–∫–æ–≤—ñ –Ω–æ—Ä–º–∏.
- **–î–æ–¥–∞—Ç–∫–∏** ‚Äî —Ü–µ –ø—Ä–∞–∫—Ç–∏—á–Ω—ñ —Ç–∞–±–ª–∏—Ü—ñ —Ç–∞ —Å–ø–∏—Å–∫–∏, —è–∫—ñ –∫—É–ø–∞ —Ö–æ—Ä–æ—à–æ–≥–æ:  
  - –û—Å–æ–±–∏—Å—Ç—ñ –∫–∞—Ä—Ç–∫–∏ –æ–±–ª—ñ–∫—É —Å–ø–µ—Ü–æ–¥—è–≥—É —ñ –ó–Ü–ó (—Å—Ç–æ—Ä. 10).  
  - –ü–µ—Ä–µ–ª—ñ–∫ –Ω–µ–±–µ–∑–ø–µ–∫, —â–æ –≤–∏–º–∞–≥–∞—é—Ç—å –¥–æ–¥–∞—Ç–∫–æ–≤–∏—Ö –ó–Ü–ó (—Å—Ç–æ—Ä. 12).  
  - –†–æ–±–æ—Ç–∏ –∑ –ø—ñ–¥–≤–∏—â–µ–Ω–∏–º —Ä–∏–∑–∏–∫–æ–º —ñ –≤—ñ–¥–ø–æ–≤—ñ–¥–Ω–∏–º–∏ –ó–Ü–ó (—Å—Ç–æ—Ä. 13).  
  - –¢–∞–±–ª–∏—Ü—ñ –¥–ª—è –∞–Ω–∞–ª—ñ–∑—É —Ä–∏–∑–∏–∫—ñ–≤ (—Å—Ç–æ—Ä. 20).

---

### –¢–µ–∫—Å—Ç–æ–≤–∏–π –æ–ø–∏—Å –¥–ª—è –∫–∞—Ä—Ç–∏–Ω–∫–∏ (—â–æ–± –º–æ–∂–Ω–∞ –±—É–ª–æ –≤—ñ–∑—É–∞–ª—ñ–∑—É–≤–∞—Ç–∏):

**–°—Ö–µ–º–∞: –õ—é–¥–∏–Ω–∞ –≤ —Å–ø–µ—Ü–æ–¥—è–∑—ñ –¥–ª—è –∑–≤–∞—Ä—é–≤–∞–Ω–Ω—è –∑ –ø–æ–∑–Ω–∞—á–µ–Ω–Ω—è–º–∏ –∑–∞—Ö–∏—â–µ–Ω–∏—Ö —Ç—ñ–ª–µ—Å–Ω–∏—Ö –¥—ñ–ª—è–Ω–æ–∫**.

- –ù–∞ –≥–æ–ª–æ–≤—ñ: **–∑–≤–∞—Ä—é–≤–∞–ª—å–Ω–∞ –º–∞—Å–∫–∞, –∑–∞—Ö–∏—Å–Ω—ñ –æ–∫—É–ª—è—Ä–∏** ‚Äî —á–µ—Ä–µ–ø, –æ–±–ª–∏—á—á—è, –æ—á—ñ, –≤—É—Ö–∞.
- –í –æ–±–ª–∞—Å—Ç—ñ –≥—Ä—É–¥–µ–π —ñ –∂–∏–≤–æ—Ç–∞ ‚Äî **—Å–ø–µ—Ü–∫–æ—Å—Ç—é–º, –≤–æ–≥–Ω–µ—Ç—Ä–∏–≤–∫–∏–π –æ–¥—è–≥**.
- –ù–∞ —Ä—É–∫–∞—Ö ‚Äî **—Ç–µ—Ä–º–æ—Å—Ç—ñ–π–∫—ñ —Ä—É–∫–∞–≤–∏—Ü—ñ**.
- –ù–∞ –Ω–æ–≥–∞—Ö ‚Äî **—Å–ø–µ—Ü–≤–∑—É—Ç—Ç—è**.
- –ë—ñ–ª—è –Ω–æ—Å–∞ —ñ —Ä–æ—Ç–∞ ‚Äî **—Ä–µ—Å–ø—ñ—Ä–∞—Ç–æ—Ä**.

–ù–∞–≤–∫–æ–ª–æ –ª—é–¥–∏–Ω–∏ —Ä–æ–∑–∫–∏–¥–∞–Ω—ñ –Ω–∞–ø–∏—Å–∞–Ω—ñ –∑–∞–≥—Ä–æ–∑–∏:  
- –£–ª—å—Ç—Ä–∞—Ñ—ñ–æ–ª–µ—Ç  
- –Ü—Å–∫—Ä–∏  
- –î–∏–º  
- –®—É–º

---

### –ú—ñ–π –¥—Ä—É–∂–Ω—ñ–π –ª–∞–π—Ñ—Ö–∞–∫ –¥–ª—è –∑–≤–∞—Ä—é–≤–∞–ª—å–Ω–∏–∫—ñ–≤:

**–ù–µ –∂–∞—Ä—Ç—É–π –∑—ñ —Å–≤–æ—î—é –±–µ–∑–ø–µ–∫–æ—é!** –ó–∞–≤–∂–¥–∏ –ø–µ—Ä–µ–≤—ñ—Ä—è–π, —á–∏ –≤–¥—è–≥–Ω–µ–Ω—ñ –≤—Å—ñ –ó–Ü–ó —ñ —á–∏ —Å–ø—Ä–∞–≤–Ω—ñ. –ë–æ –Ω–µ—Ä–≤–æ–≤–æ-–ø—Å–∏—Ö—ñ—á–Ω–µ –Ω–∞–≤–∞–Ω—Ç–∞–∂–µ–Ω–Ω—è –∑–±—ñ–ª—å—à—É—î —à–∞–Ω—Å –Ω–∞ –ø—Ä–æ–º–∞—Ö ‚Äî –∞ —Ü–µ —É–¥–∞—Ä —Å—Ç—Ä—É–º–æ–º –∞–±–æ –æ–ø—ñ–∫ –º–æ–∂–µ –±—É—Ç–∏ —Å–º–µ—Ä—Ç–µ–ª—å–Ω–∏–º!

---

–Ø–∫—â–æ —Ö–æ—á–µ—à, –º–æ–∂—É –ø—ñ–¥–≥–æ—Ç—É–≤–∞—Ç–∏ –ø–æ–∫—Ä–æ–∫–æ–≤–∏–π –ø–ª–∞–Ω –≤–∏–±–æ—Ä—É –ó–Ü–ó –∑–∞ —Ç–∏–ø–æ–º —Ä–æ–±—ñ—Ç —ñ —Ä–∏–∑–∏–∫—ñ–≤ ‚Äî –∫–∞–∂–∏, –¥–æ–ø–æ–º–æ–∂—É!"
641269362,datsenkoigor,2025-04-18 13:28:03,85,text,question,–∞ —è–∫ –∑–∞—Ö–∏—â–∞—Ç–∏ –æ—á—ñ?
641269362,datsenkoigor,2025-04-18 13:28:14,85,text,answer,"–û–∫–µ–π, –¥—Ä—É–∂–µ! –ó–∞—Ö–∏—Å—Ç –æ—á–µ–π –ø—Ä–∏ –∑–≤–∞—Ä—é–≤–∞–Ω–Ω—ñ ‚Äî —Ü–µ –¥—É–∂–µ –≤–∞–∂–ª–∏–≤–æ, —â–æ–± —É–Ω–∏–∫–Ω—É—Ç–∏ —Ç—Ä–∞–≤–º –≤—ñ–¥ —è—Å–∫—Ä–∞–≤–æ–≥–æ –≤–∏–ø—Ä–æ–º—ñ–Ω—é–≤–∞–Ω–Ω—è, —ñ—Å–∫–æ—Ä, –±—Ä–∏–∑–æ–∫ —Ä–æ–∑–ø–ª–∞–≤–ª–µ–Ω–æ–≥–æ –º–µ—Ç–∞–ª—É —ñ –ø–∏–ª—É. –û—Å—å —â–æ —Ç—Ä–µ–±–∞ –∑–Ω–∞—Ç–∏ —ñ —Ä–æ–±–∏—Ç–∏:  

---

### –ó–∞—Ö–∏—Å—Ç –æ—á–µ–π –∑–≤–∞—Ä—é–≤–∞–ª—å–Ω–∏–∫–∞ ‚Äì –≥–æ–ª–æ–≤–Ω—ñ –ø—Ä–∞–≤–∏–ª–∞

1. **–í–∏–¥–∏ –∑–∞—Ö–∏—Å—Ç—É:**
   - **–ó–∞—Ö–∏—Å–Ω—ñ –æ–∫—É–ª—è—Ä–∏**  
     –í–∏–∫–æ—Ä–∏—Å—Ç–æ–≤—É—é—Ç—å –¥–ª—è –∑–∞—Ö–∏—Å—Ç—É –≤—ñ–¥ —ñ—Å–∫–æ—Ä, –ø–∏–ª—É —Ç–∞ —Ä–æ–∑–ø–ª–∞–≤–ª–µ–Ω–æ–≥–æ –º–µ—Ç–∞–ª—É.  
     –°—Ç–∞–Ω–¥–∞—Ä—Ç: –ì–û–°–¢ 12.4.013-85 ¬´–°–°–ë–¢. –û—á–∫–∏ –∑–∞—â–∏—Ç–Ω—ã–µ. –û–±—â–∏–µ —Ç–µ—Ö–Ω–∏—á–µ—Å–∫–∏–µ —É—Å–ª–æ–≤–∏—è¬ª.
   - **–õ–∏—Ü–µ–≤—ñ —â–∏—Ç–∫–∏ (–∑–≤–∞—Ä—é–≤–∞–ª—å–Ω—ñ –º–∞—Å–∫–∏)**  
     –ó–∞—Ö–∏—â–∞—é—Ç—å –æ–±–ª–∏—á—á—è —ñ –æ—á—ñ –≤—ñ–¥ —è—Å–∫—Ä–∞–≤–æ–≥–æ –≤–∏–ø—Ä–æ–º—ñ–Ω—é–≤–∞–Ω–Ω—è —Ç–∞ —Ä–æ–∑–ø–ª–∞–≤–ª–µ–Ω–∏—Ö –±—Ä–∏–∑–æ–∫.  
     –°—Ç–∞–Ω–¥–∞—Ä—Ç: –ì–û–°–¢ 12.4.023-84 ¬´–°–°–ë–¢. –©–∏—Ç–∫–∏ –∑–∞—â–∏—Ç–Ω—ã–µ –ª–∏—Ü–µ–≤—ã–µ¬ª.

2. **–í–∏–±—ñ—Ä –∑–∞—Ö–∏—Å—Ç—É –∑–∞–ª–µ–∂–∏—Ç—å –≤—ñ–¥:**
   - **–ú–µ—Ç–æ–¥—É –∑–≤–∞—Ä—é–≤–∞–Ω–Ω—è** (–Ω–∞–ø—Ä–∏–∫–ª–∞–¥, –¥—É–≥–æ–≤–µ, –≥–∞–∑–æ–≤–µ)  
   - **–†–µ–∂–∏–º—É —ñ –≤–∏–¥—É —Ä–æ–±–æ—Ç–∏** (—Ç—Ä–∏–≤–∞–ª—ñ—Å—Ç—å, —ñ–Ω—Ç–µ–Ω—Å–∏–≤–Ω—ñ—Å—Ç—å –≤–∏–ø—Ä–æ–º—ñ–Ω—é–≤–∞–Ω–Ω—è)  
   - **–û—Å–æ–±–ª–∏–≤–æ—Å—Ç–µ–π –∑–æ—Ä—É —Ä–æ–±—ñ—Ç–Ω–∏–∫–∞** (–¥–µ—è–∫–∏–º –ø–æ—Ç—Ä—ñ–±–Ω—ñ –æ–∫—É–ª—è—Ä–∏ –∑ –æ—Å–æ–±–ª–∏–≤–∏–º–∏ —Ñ—ñ–ª—å—Ç—Ä–∞–º–∏).

3. **–Ø–∫ –ø—Ä–∞–≤–∏–ª—å–Ω–æ –∫–æ—Ä–∏—Å—Ç—É–≤–∞—Ç–∏—Å—è:**
   - –ü–µ—Ä–µ–≤—ñ—Ä—è–π—Ç–µ —Ü—ñ–ª—ñ—Å–Ω—ñ—Å—Ç—å —ñ —á–∏—Å—Ç–æ—Ç—É –æ–∫—É–ª—è—Ä—ñ–≤ –∞–±–æ —â–∏—Ç–∫–∞ –ø–µ—Ä–µ–¥ –∫–æ–∂–Ω–æ—é –∑–º—ñ–Ω–æ—é.  
   - –í–∏–∫–æ—Ä–∏—Å—Ç–æ–≤—É–π—Ç–µ –æ–∫—É–ª—è—Ä–∏ –ó–Ü–ó —Ç—ñ–ª—å–∫–∏ –∑–∞ –ø—Ä–∏–∑–Ω–∞—á–µ–Ω–Ω—è–º!  
   - –ü—ñ—Å–ª—è —Ä–æ–±–æ—Ç–∏ ‚Äî –æ—á–∏—â–∞–π—Ç–µ —Ç–∞ –∑–±–µ—Ä—ñ–≥–∞–π—Ç–µ –∑–∞—Å–æ–±–∏ –∑–∞—Ö–∏—Å—Ç—É —É —Å—É—Ö–æ–º—É –º—ñ—Å—Ü—ñ.

---

### –ì–∞—Ä–Ω–∞ –ø—Ä–æ—Å—Ç–µ–Ω—å–∫–∞ —Å—Ö–µ–º–∞ –¥–ª—è —É—è–≤–ª–µ–Ω–Ω—è (—Ç–µ–∫—Å—Ç–æ–≤–∏–π –æ–ø–∏—Å –¥–ª—è –º–∞–ª—é–Ω–∫–∞):

**–°—Ö–µ–º–∞ ""–ó–∞—Ö–∏—Å—Ç –æ—á–µ–π –ø—Ä–∏ –∑–≤–∞—Ä—é–≤–∞–Ω–Ω—ñ""**:  

- –ó–æ–±—Ä–∞–∂–µ–Ω–Ω—è –∑–≤–∞—Ä—é–≤–∞–ª—å–Ω–∏–∫–∞ —É –∑–∞—Ö–∏—Å–Ω–æ–º—É —à–æ–ª–æ–º—ñ (—â–∏—Ç–∫—É), –Ω–∞ —è–∫–æ–º—É –≤–∏–¥–Ω–æ –∑–∞—Ç–µ–º–ª–µ–Ω–µ —Å–∫–ª–æ –¥–ª—è –∑–∞—Ö–∏—Å—Ç—É –≤—ñ–¥ –≤–∏–ø—Ä–æ–º—ñ–Ω—é–≤–∞–Ω–Ω—è.  
- –û–∫—É–ª—è—Ä–∏ –ø—ñ–¥ —à–æ–ª–æ–º–æ–º, —è–∫—ñ –ø–µ—Ä–µ–∫—Ä–∏–≤–∞—é—Ç—å –æ—á—ñ —ñ –ø—Ä–∏–ª—è–≥–∞—é—Ç—å —â—ñ–ª—å–Ω–æ –¥–ª—è –∑–∞—Ö–∏—Å—Ç—É –≤—ñ–¥ –ø–∏–ª—É —Ç–∞ —ñ—Å–∫–æ—Ä.  
- –°—Ç—Ä—ñ–ª–æ—á–∫–∏ –∑ –ø–æ–∑–Ω–∞—á–∫–∞–º–∏:  
  - ""–ó–∞—Ç–µ–º–ª–µ–Ω–µ —Å–∫–ª–æ —â–∏—Ç–∫–∞ ‚Äî –∑–∞—Ö–∏—Å—Ç –≤—ñ–¥ —è—Å–∫—Ä–∞–≤–æ–≥–æ —Å–≤—ñ—Ç–ª–∞ —ñ —É–ª—å—Ç—Ä–∞—Ñ—ñ–æ–ª–µ—Ç—É""  
  - ""–û–∫—É–ª—è—Ä–∏ ‚Äî –∑–∞—Ö–∏—Å—Ç –≤—ñ–¥ —ñ—Å–∫–æ—Ä —ñ —Ä–æ–∑–ø–ª–∞–≤–ª–µ–Ω–∏—Ö –±—Ä–∏–∑–æ–∫""  
  - ""–ü–µ—Ä–µ–≤—ñ—Ä–∫–∞ —ñ –æ—á–∏—â–µ–Ω–Ω—è ‚Äì –ø–µ—Ä–µ–¥ —ñ –ø—ñ—Å–ª—è —Ä–æ–±–æ—Ç–∏""  
- –ü—ñ–¥ –º–∞–ª—é–Ω–∫–æ–º –∫–æ—Ä–æ—Ç–∫–∏–π –Ω–∞–ø–∏—Å:  
  ""**–í–∏–∫–æ—Ä–∏—Å—Ç–æ–≤—É–π –ó–Ü–ó –æ—á–µ–π –∑–∞ —Å—Ç–∞–Ω–¥–∞—Ä—Ç–æ–º –ì–û–°–¢ 12.4.013-85 —Ç–∞ –ì–û–°–¢ 12.4.023-84!**""

---

### –ü—ñ–¥—Å—É–º–æ–∫, –¥—Ä—É–∂–µ:  

- –ù–µ —Å–∫—É–ø–∏—Å—å –Ω–∞ —è–∫—ñ—Å–Ω—ñ –æ–∫—É–ª—è—Ä–∏ —Ç–∞ —â–∏—Ç–∫–∏  
- –í–∏–±–∏—Ä–∞–π –ó–Ü–ó –∑–∞ —Å—Ç–∞–Ω–¥–∞—Ä—Ç–∞–º–∏ –ì–û–°–¢  
- –°—Ç–µ–∂ –∑–∞ —á–∏—Å—Ç–æ—Ç–æ—é —ñ —Å—Ç–∞–Ω–æ–º –∑–∞—Ö–∏—Å—Ç—É  
- –ü–∞–º‚Äô—è—Ç–∞–π, —â–æ –≤—ñ–¥ —Ü—å–æ–≥–æ –∑–∞–ª–µ–∂–∏—Ç—å —Ç–≤–æ—î –∑–¥–æ—Ä–æ–≤‚Äô—è —ñ –∑—ñ—Ä!

–Ø–∫—â–æ —Ö–æ—á–µ—à, –¥–æ–ø–æ–º–æ–∂—É –ø—ñ–¥—ñ–±—Ä–∞—Ç–∏ –∫–æ–Ω–∫—Ä–µ—Ç–Ω—ñ –º–æ–¥–µ–ª—ñ –∞–±–æ —Ä–æ–∑–∫–∞–∂—É –ø—Ä–æ —ñ–Ω—à—ñ –ó–Ü–ó –¥–ª—è –∑–≤–∞—Ä—é–≤–∞–ª—å–Ω–∏–∫—ñ–≤! üëç"
641269362,datsenkoigor,2025-04-21 14:35:31,91,text,question,—Ä–æ–∑–∫–∞–∂–∏ –ø—Ä–æ —ñ–Ω—à—ñ –ó–Ü–ó –¥–ª—è –∑–≤–∞—Ä—é–≤–∞–ª—å–Ω–∏–∫—ñ–≤
641269362,datsenkoigor,2025-04-21 14:35:48,91,text,answer,"–ô–æ, –¥—Ä—É–∂–µ! –†–æ–∑–∫–∞–∂—É –∫–æ—Ä–æ—Ç–∫–æ —ñ –ø–æ –ø–æ–ª–∏—á–∫–∞—Ö –ø—Ä–æ **—ñ–Ω—à—ñ –ó–Ü–ó –¥–ª—è –∑–≤–∞—Ä—é–≤–∞–ª—å–Ω–∏–∫—ñ–≤**, –æ–∫—Ä—ñ–º –æ—Å–Ω–æ–≤–Ω–∏—Ö, —è–∫–∏—Ö —Ç–∏ –≤–∂–µ –∑–Ω–∞—î—à.

---

### 1. –ó–∞—Ö–∏—Å—Ç –æ—á–µ–π —ñ –æ–±–ª–∏—á—á—è  
- **–©–∏—Ç–æ–∫ –∞–±–æ –º–∞—Å–∫–∞ –∑–≤–∞—Ä–Ω–∏–∫–∞** ‚Äî –æ–±–æ–≤‚Äô—è–∑–∫–æ–≤–∞ –¥–ª—è –∑–∞—Ö–∏—Å—Ç—É –≤—ñ–¥ —É–ª—å—Ç—Ä–∞—Ñ—ñ–æ–ª–µ—Ç–æ–≤–æ–≥–æ —Ç–∞ —ñ–Ω—Ñ—Ä–∞—á–µ—Ä–≤–æ–Ω–æ–≥–æ –≤–∏–ø—Ä–æ–º—ñ–Ω—é–≤–∞–Ω–Ω—è, –±—Ä–∏–∑–æ–∫ —Ä–æ–∑–ø–ª–∞–≤–ª–µ–Ω–æ–≥–æ –º–µ—Ç–∞–ª—É —Ç–∞ —ñ—Å–∫–æ—Ä.  
- **–ó–∞—Ö–∏—Å–Ω—ñ –æ–∫—É–ª—è—Ä–∏** ‚Äî –¥–æ–¥–∞—Ç–∫–æ–≤–∏–π –∑–∞—Ö–∏—Å—Ç –ø—ñ–¥ –º–∞—Å–∫–æ—é, –≤—ñ–¥ –¥—Ä—ñ–±–Ω–∏—Ö —á–∞—Å—Ç–∏–Ω–æ–∫ —ñ –ø–∏–ª—É.

### 2. –ó–∞—Ö–∏—Å—Ç –æ—Ä–≥–∞–Ω—ñ–≤ –¥–∏—Ö–∞–Ω–Ω—è  
- **–†–µ—Å–ø—ñ—Ä–∞—Ç–æ—Ä–∏ —ñ –ø—Ä–æ—Ç–∏–≥–∞–∑–∏** ‚Äî —Ñ—ñ–ª—å—Ç—Ä–∏—é—Ç—å —à–∫—ñ–¥–ª–∏–≤—ñ –ø–∞—Ä–∏, –∞–µ—Ä–æ–∑–æ–ª—ñ, –≥–∞–∑–∏ (–æ—Å–æ–±–ª–∏–≤–æ –ø—ñ–¥ —á–∞—Å –∑–≤–∞—Ä—é–≤–∞–Ω–Ω—è –ø—ñ–¥ —Ñ–ª—é—Å–æ–º –∞–±–æ –Ω–∞–ø—ñ–≤–∞–≤—Ç–æ–º–∞—Ç–∏—á–Ω–æ–≥–æ –∑–≤–∞—Ä—é–≤–∞–Ω–Ω—è).  
- –í–∏–±—ñ—Ä –∑–∞–ª–µ–∂–∏—Ç—å –≤—ñ–¥ –≤–∏–¥—É —à–∫—ñ–¥–ª–∏–≤–∏—Ö —Ä–µ—á–æ–≤–∏–Ω —ñ –∫–æ–Ω—Ü–µ–Ω—Ç—Ä–∞—Ü—ñ—ó —É –ø–æ–≤—ñ—Ç—Ä—ñ, –∑–≥—ñ–¥–Ω–æ –∑ –∑–∞—Ç–≤–µ—Ä–¥–∂–µ–Ω–∏–º–∏ –ø—Ä–∞–≤–∏–ª–∞–º–∏.

### 3. –ó–∞—Ö–∏—Å—Ç —Ä—É–∫  
- **–¢–µ—Ä–º–æ—Å—Ç—ñ–π–∫—ñ —Ä—É–∫–∞–≤–∏—Ü—ñ** ‚Äî —ñ–∑ —Å–ø–µ—Ü—ñ–∞–ª—å–Ω–æ–≥–æ –º–∞—Ç–µ—Ä—ñ–∞–ª—É, —â–æ –Ω–µ –ø—Ä–æ–ø—É—Å–∫–∞—î —ñ—Å–∫—Ä–∏ —Ç–∞ —Ç–µ–ø–ª–æ.  
- –í–∞–∂–ª–∏–≤–æ, —â–æ–± —Ä—É–∫–∞–≤–∏—Ü—ñ –¥–æ–±—Ä–µ —Å–∏–¥—ñ–ª–∏ ‚Äì —Ü–µ —ñ –±–µ–∑–ø–µ—á–Ω–æ, —ñ –∑—Ä—É—á–Ω–æ.

### 4. –°–ø–µ—Ü—ñ–∞–ª—å–Ω–∏–π –æ–¥—è–≥  
- **–ö–æ—Å—Ç—é–º/–∫—É—Ä—Ç–∫–∞/—à—Ç–∞–Ω–∏ —ñ–∑ –≤–æ–≥–Ω–µ—Ç—Ä–∏–≤–∫–∏—Ö –º–∞—Ç–µ—Ä—ñ–∞–ª—ñ–≤** ‚Äî —É—Ç–µ–ø–ª–µ–Ω—ñ –∞–±–æ –ª–µ–≥–∫—ñ, –∑–∞–ª–µ–∂–Ω–æ –≤—ñ–¥ —É–º–æ–≤.  
- –û–¥—è–≥ –Ω–µ –ø–æ–≤–∏–Ω–µ–Ω –º–∞—Ç–∏ —Å–∏–Ω—Ç–µ—Ç–∏—á–Ω–∏—Ö –≤—Å—Ç–∞–≤–æ–∫, –±–æ –≤–æ–Ω–∏ –ø–ª–∞–≤–ª—è—Ç—å—Å—è, –∞ —Ü–µ –≤–µ–ª–∏–∫–∞ –ø—Ä–æ–±–ª–µ–º–∞.

### 5. –ó–∞—Ö–∏—Å—Ç –Ω—ñ–≥  
- **–í–æ–≥–Ω–µ—Ç—Ä–∏–≤–∫–µ —Å–ø–µ—Ü—ñ–∞–ª—å–Ω–µ –≤–∑—É—Ç—Ç—è** ‚Äî –∑ –º–µ—Ç–∞–ª–µ–≤–∏–º –Ω–æ—Å–∫–æ–º —ñ –ø—ñ–¥–æ—à–≤–æ—é, —Å—Ç—ñ–π–∫–µ –¥–æ –≤–∏—Å–æ–∫–∏—Ö —Ç–µ–º–ø–µ—Ä–∞—Ç—É—Ä —ñ –º–µ—Ö–∞–Ω—ñ—á–Ω–∏—Ö –ø–æ—à–∫–æ–¥–∂–µ–Ω—å.

### 6. –ó–∞—Ö–∏—Å—Ç –≤—ñ–¥ —à—É–º—É  
- **–ë–µ—Ä—É—à—ñ –∞–±–æ –Ω–∞–≤—É—à–Ω–∏–∫–∏ –∑–∞—Ö–∏—Å–Ω—ñ** ‚Äî –ø—ñ–¥ —á–∞—Å —Ä–æ–±–æ—Ç–∏ –∑ –æ–±–ª–∞–¥–Ω–∞–Ω–Ω—è–º, –æ—Å–æ–±–ª–∏–≤–æ —Ü–µ —Å—Ç–æ—Å—É—î—Ç—å—Å—è –Ω–∞–ø—ñ–≤–∞–≤—Ç–æ–º–∞—Ç–∏—á–Ω–æ–≥–æ –∑–≤–∞—Ä—é–≤–∞–Ω–Ω—è, –¥–µ —Ä—ñ–≤–µ–Ω—å —à—É–º—É –≤–∏—Å–æ–∫–∏–π.

### 7. –ó–∞—Ö–∏—Å—Ç —Ç—ñ–ª–∞  
- **–ü–µ—Ä–µ–¥–ø–ª—ñ—á–Ω–∏–∫–∏, –Ω–∞–ø–ª—ñ—á–Ω–∏–∫–∏** ‚Äî –¥–æ–¥–∞—Ç–∫–æ–≤–∏–π –∑–∞—Ö–∏—Å—Ç –≤—ñ–¥–∫—Ä–∏—Ç–∏—Ö –¥—ñ–ª—è–Ω–æ–∫ —Ç—ñ–ª–∞ –≤—ñ–¥ —Ä–æ–∑–ª—ñ—Ç–∞—é—á–∏—Ö —ñ—Å–∫–æ—Ä —ñ —Ä–æ–∑–ø–µ—á–µ–Ω–∏—Ö –±—Ä–∏–∑–æ–∫.

---

### –í–∞–∂–ª–∏–≤—ñ –º–æ–º–µ–Ω—Ç–∏ –ø–æ –¥–æ–≥–ª—è–¥—É —Ç–∞ –≤–∏–∫–æ—Ä–∏—Å—Ç–∞–Ω–Ω—é –ó–Ü–ó:  
- –ó–∞–±—Ä—É–¥–Ω–µ–Ω—ñ, –∑–Ω–æ—à–µ–Ω—ñ –∞–±–æ –ø–æ—à–∫–æ–¥–∂–µ–Ω—ñ –ó–Ü–ó ‚Äî –Ω–µ –º–æ–∂–Ω–∞ –≤–∏–∫–æ—Ä–∏—Å—Ç–æ–≤—É–≤–∞—Ç–∏!  
- –û–±–æ–≤‚Äô—è–∑–∫–æ–≤–µ **—Ä–µ–≥—É–ª—è—Ä–Ω–µ –æ—á–∏—â–µ–Ω–Ω—è, —Ö—ñ–º–æ—á–∏—â–µ–Ω–Ω—è, –¥–µ–∑–∞–∫—Ç–∏–≤–∞—Ü—ñ—è** (–∑–∞–ª–µ–∂–Ω–æ –≤—ñ–¥ —ñ–Ω—Å—Ç—Ä—É–∫—Ü—ñ–π —ñ —Å—Ç—É–ø–µ–Ω—è –∑–∞–±—Ä—É–¥–Ω–µ–Ω–Ω—è).  
- –î–ª—è –∑–±–µ—Ä—ñ–≥–∞–Ω–Ω—è ‚Äî **—Å—É—à–∞—Ä–∫–∏, –∫–∞–º–µ—Ä–∏ –æ–±–µ–∑–ø–∏–ª—é–≤–∞–Ω–Ω—è, —É—Å—Ç–∞–Ω–æ–≤–∫–∏ –¥–ª—è –¥–µ–≥–∞–∑–∞—Ü—ñ—ó/–¥–µ–∑—ñ–Ω—Ñ–µ–∫—Ü—ñ—ó** –Ω–∞ –ø—ñ–¥–ø—Ä–∏—î–º—Å—Ç–≤—ñ.  
- –Ø–∫—â–æ –Ω–µ–º–∞—î –º–æ–∂–ª–∏–≤–æ—Å—Ç—ñ –¥–±–∞—Ç–∏ –ø—Ä–æ –ó–Ü–ó —É —Ä–æ–±–æ—á–∏–π —á–∞—Å ‚Äî –ø–æ—Ç—Ä—ñ–±–Ω–æ –≤–∏–¥–∞–≤–∞—Ç–∏ –∫—ñ–ª—å–∫–∞ –∫–æ–º–ø–ª–µ–∫—Ç—ñ–≤.  
- –ü–µ—Ä—Å–æ–Ω–∞–ª –º–∞—î –æ—Ç—Ä–∏–º—É–≤–∞—Ç–∏ —ñ–Ω—Å—Ç—Ä—É–∫—Ç–∞–∂—ñ —ñ –∑–Ω–∞—Ç–∏, —è–∫ –∫–æ—Ä–∏—Å—Ç—É–≤–∞—Ç–∏—Å—å —ñ –¥–æ–≥–ª—è–¥–∞—Ç–∏ –∑–∞ –ó–Ü–ó.

---

### –¢–µ–∫—Å—Ç–æ–≤–∏–π –æ–ø–∏—Å –¥–ª—è –∫–∞—Ä—Ç–∏–Ω–∫–∏-—Å—Ö–µ–º–∏ (—è–∫—â–æ —Ç—Ä–µ–±–∞ –∑—Ä–æ–±–∏—Ç–∏):  
**–°—Ö–µ–º–∞ ""–ö–æ–º–ø–ª–µ–∫—Å –ó–Ü–ó –¥–ª—è –∑–≤–∞—Ä—é–≤–∞–ª—å–Ω–∏–∫–∞""**:  
- –§—ñ–≥—É—Ä–∞ –∑–≤–∞—Ä—é–≤–∞–ª—å–Ω–∏–∫–∞ –≤ —Ü–µ–Ω—Ç—Ä—ñ.  
- –ù–∞ –≥–æ–ª–æ–≤—ñ ‚Äì –º–∞—Å–∫–∞/—â–∏—Ç–æ–∫ + –∑–∞—Ö–∏—Å–Ω—ñ –æ–∫—É–ª—è—Ä–∏.  
- –ù–∞ –Ω–æ–≥–∞—Ö ‚Äì —Å–ø–µ—Ü–≤–∑—É—Ç—Ç—è.  
- –ù–∞ —Ä—É–∫–∞—Ö ‚Äì —Ç–æ–≤—Å—Ç—ñ —Ä—É–∫–∞–≤–∏—Ü—ñ.  
- –ù–∞ —Ç—ñ–ª—ñ ‚Äì –≤–æ–≥–Ω–µ—Ç—Ä–∏–≤–∫–∏–π –∫–æ—Å—Ç—é–º, –ø–µ—Ä–µ–¥–ø–ª—ñ—á–Ω–∏–∫–∏.  
- –ë—ñ–ª—è —Ä–æ–±–æ—á–æ–≥–æ –º—ñ—Å—Ü—è ‚Äì —Å—É—à–∞—Ä–∫–∞ –¥–ª—è –æ–¥—è–≥—É —ñ –≤–∑—É—Ç—Ç—è, –∫–∞–º–µ—Ä–∞ –æ–±–µ–∑–ø–∏–ª—é–≤–∞–Ω–Ω—è.  
- –ü–æ—Ä—É—á ‚Äì —Ä–µ—Å–ø—ñ—Ä–∞—Ç–æ—Ä–∏ —ñ –∑–∞—Ö–∏—Å–Ω—ñ –Ω–∞–≤—É—à–Ω–∏–∫–∏.  
- –°—Ç—Ä—ñ–ª–æ—á–∫–∏ –≤—ñ–¥ –ó–Ü–ó –¥–æ –≤—ñ–¥–ø–æ–≤—ñ–¥–Ω–∏—Ö —á–∞—Å—Ç–∏–Ω —Ç—ñ–ª–∞, –ø—ñ–¥–ø–∏—Å–∏ –∑—ñ —Å–ø–∏—Å–∫–æ–º.

---

–ü–∞–º‚Äô—è—Ç–∞–π: **–ø—Ä–∞–≤–∏–ª—å–Ω–∏–π –≤–∏–±—ñ—Ä, –Ω–æ—Å—ñ–Ω–Ω—è —ñ –¥–æ–≥–ª—è–¥ –∑–∞ –ó–Ü–ó ‚Äî —Ü–µ —Ç–≤–æ—è –Ω–∞–π–±—ñ–ª—å—à–∞ –≥–∞—Ä–∞–Ω—Ç—ñ—è –±–µ–∑–ø–µ–∫–∏ –Ω–∞ –∑–≤–∞—Ä—é–≤–∞–Ω–Ω—ñ!** –Ø–∫—â–æ –≤–∏–Ω–∏–∫–Ω—É—Ç—å –ø–∏—Ç–∞–Ω–Ω—è, –ø–∏—Ç–∞–π –±–µ–∑ —Å–æ—Ä–æ–º—É :)"
